variant,regime,seed,test_level,class,support,precision,recall,f1,average_precision,tp,fp,fn,tn
ed,ed_r1,0,0.0,Arable land,883,0.7735849056603774,0.7893544733861835,0.781390134529148,0.8666331626738226,697,204,186,1064
ed,ed_r1,0,0.0,Broad-leaved forest,511,0.5267489711934157,0.5009784735812133,0.5135406218655968,0.5346688416859897,256,230,255,1410
ed,ed_r1,0,0.0,Complex cultivation patterns,1172,0.8225659690627843,0.7713310580204779,0.7961250550418318,0.8688512854852981,904,195,268,784
ed,ed_r1,0,0.0,Coniferous forest,1193,0.8727429062768701,0.8507963118189439,0.8616298811544991,0.9489836696750286,1015,148,178,810
ed,ed_r1,0,0.0,Inland waters,379,0.8621908127208481,0.6437994722955145,0.7371601208459214,0.8497914807505756,244,39,135,1733
ed,ed_r1,0,0.0,"Land principally occupied by agriculture, with significant areas of natural vegetation",996,0.7214285714285714,0.7098393574297188,0.7155870445344129,0.7940142683281675,707,273,289,882
ed,ed_r1,0,0.0,Marine waters,116,0.9666666666666667,1.0,0.9830508474576272,0.9999999999999999,116,4,0,2031
ed,ed_r1,0,0.0,Mixed forest,1214,0.724376731301939,0.8616144975288303,0.7870579382994732,0.8363223726748205,1046,398,168,539
ed,ed_r1,0,0.0,Pastures,916,0.7941653160453809,0.5349344978165939,0.639269406392694,0.7870127935655606,490,127,426,1108
ed,ed_r1,0,0.0,"Transitional woodland, shrub",885,0.5765877957658779,0.5231638418079096,0.5485781990521327,0.5913451145184486,463,340,422,926
ed,ed_r1,0,0.0,Urban fabric,265,0.6973684210526315,0.4,0.5083932853717026,0.6086551695103075,106,46,159,1840
ed,ed_r1,0,0.2,Arable land,883,0.7125119388729704,0.8448471121177803,0.7730569948186529,0.8481502173705333,746,301,137,967
ed,ed_r1,0,0.2,Broad-leaved forest,511,0.5786350148367952,0.3816046966731898,0.45990566037735847,0.5270915516170331,195,142,316,1498
ed,ed_r1,0,0.2,Complex cultivation patterns,1172,0.8036036036036036,0.7610921501706485,0.7817703768624014,0.8582525442248277,892,218,280,761
ed,ed_r1,0,0.2,Coniferous forest,1193,0.7659137577002053,0.9379715004191115,0.8432554634513941,0.9420600765707062,1119,342,74,616
ed,ed_r1,0,0.2,Inland waters,379,0.2675438596491228,0.9656992084432717,0.41900400686891814,0.7749419647061477,366,1002,13,770
ed,ed_r1,0,0.2,"Land principally occupied by agriculture, with significant areas of natural vegetation",996,0.7472035794183445,0.6706827309236948,0.7068783068783069,0.7877921228213067,668,226,328,929
ed,ed_r1,0,0.2,Marine waters,116,0.9666666666666667,1.0,0.9830508474576272,0.9999999999999998,116,4,0,2031
ed,ed_r1,0,0.2,Mixed forest,1214,0.6938650306748466,0.9316309719934102,0.7953586497890295,0.8351592773260765,1131,499,83,438
ed,ed_r1,0,0.2,Pastures,916,0.8020408163265306,0.42903930131004364,0.5590327169274538,0.769191494083203,393,97,523,1138
ed,ed_r1,0,0.2,"Transitional woodland, shrub",885,0.5636766334440753,0.5751412429378531,0.569351230425056,0.5822987090556795,509,394,376,872
ed,ed_r1,0,0.2,Urban fabric,265,0.6863905325443787,0.4377358490566038,0.5345622119815668,0.6005760401536338,116,53,149,1833
ed,ed_r1,0,0.4,Arable land,883,0.6768402154398564,0.853907134767837,0.7551326990485728,0.8365447073063434,754,360,129,908
ed,ed_r1,0,0.4,Broad-leaved forest,511,0.5810276679841897,0.2876712328767123,0.38481675392670156,0.5068159407232413,147,106,364,1534
ed,ed_r1,0,0.4,Complex cultivation patterns,1172,0.8001824817518248,0.7482935153583617,0.7733686067019401,0.8540813711157471,877,219,295,760
ed,ed_r1,0,0.4,Coniferous forest,1193,0.6680115273775216,0.9715004191114837,0.7916666666666666,0.9331197583679863,1159,576,34,382
ed,ed_r1,0,0.4,Inland waters,379,0.19724284199363734,0.9815303430079155,0.32847682119205296,0.7081839839442743,372,1514,7,258
ed,ed_r1,0,0.4,"Land principally occupied by agriculture, with significant areas of natural vegetation",996,0.7622282608695652,0.5632530120481928,0.6478060046189377,0.7722303957844185,561,175,435,980
ed,ed_r1,0,0.4,Marine waters,116,0.9586776859504132,1.0,0.9789029535864979,0.9999999999999997,116,5,0,2030
ed,ed_r1,0,0.4,Mixed forest,1214,0.6601123595505618,0.9678747940691927,0.7849031396125584,0.8260385996677092,1175,605,39,332
ed,ed_r1,0,0.4,Pastures,916,0.7963386727688787,0.3799126637554585,0.5144124168514412,0.7574526612683778,348,89,568,1146
ed,ed_r1,0,0.4,"Transitional woodland, shrub",885,0.5363457760314342,0.6169491525423729,0.5738307934839727,0.5671222502388367,546,472,339,794
ed,ed_r1,0,0.4,Urban fabric,265,0.6608187134502924,0.42641509433962266,0.518348623853211,0.5893794171948684,113,58,152,1828
ed,ed_r1,0,0.6,Arable land,883,0.6461538461538462,0.8561721404303511,0.7364831953239163,0.821763390146822,756,414,127,854
ed,ed_r1,0,0.6,Broad-leaved forest,511,0.6153846153846154,0.17221135029354206,0.2691131498470948,0.4960583576541178,88,55,423,1585
ed,ed_r1,0,0.6,Complex cultivation patterns,1172,0.8,0.6996587030716723,0.7464724624487938,0.8420379927818442,820,205,352,774
ed,ed_r1,0,0.6,Coniferous forest,1193,0.5977933801404213,0.9991617770326907,0.7480389080640101,0.9213317220733028,1192,802,1,156
ed,ed_r1,0,0.6,Inland waters,379,0.1914565105506948,0.9815303430079155,0.32041343669250644,0.7029196337470177,372,1571,7,201
ed,ed_r1,0,0.6,"Land principally occupied by agriculture, with significant areas of natural vegetation",996,0.7764227642276422,0.38353413654618473,0.5134408602150538,0.7494267112800401,382,110,614,1045
ed,ed_r1,0,0.6,Marine waters,116,0.9508196721311475,1.0,0.9747899159663865,0.9999999999999997,116,6,0,2029
ed,ed_r1,0,0.6,Mixed forest,1214,0.6327833954230974,0.9794069192751236,0.7688328483672809,0.793514134813561,1189,690,25,247
ed,ed_r1,0,0.6,Pastures,916,0.8181818181818182,0.34388646288209607,0.48424289008455035,0.7278764465595253,315,70,601,1165
ed,ed_r1,0,0.6,"Transitional woodland, shrub",885,0.527536231884058,0.6169491525423729,0.56875,0.5615003980946861,546,489,339,777
ed,ed_r1,0,0.6,Urban fabric,265,0.6206896551724138,0.4075471698113208,0.4920273348519362,0.5383426266828687,108,66,157,1820
ed,ed_r1,0,0.8,Arable land,883,0.5827559661277906,0.8573046432616082,0.693858845096242,0.7599564452338827,757,542,126,726
ed,ed_r1,0,0.8,Broad-leaved forest,511,0.8125,0.025440313111545987,0.04933586337760911,0.4645031359227349,13,3,498,1637
ed,ed_r1,0,0.8,Complex cultivation patterns,1172,0.7728136882129277,0.6936860068259386,0.7311151079136691,0.821430414406026,813,239,359,740
ed,ed_r1,0,0.8,Coniferous forest,1193,0.5876847290640395,1.0,0.7403040645361465,0.9044126949047413,1193,837,0,121
ed,ed_r1,0,0.8,Inland waters,379,0.19945945945945945,0.9736147757255936,0.3310901749663526,0.6802388748743899,369,1481,10,291
ed,ed_r1,0,0.8,"Land principally occupied by agriculture, with significant areas of natural vegetation",996,0.8360655737704918,0.10240963855421686,0.18246869409660108,0.7235141091844784,102,20,894,1135
ed,ed_r1,0,0.8,Marine waters,116,0.9206349206349206,1.0,0.9586776859504132,0.9999999999999997,116,10,0,2025
ed,ed_r1,0,0.8,Mixed forest,1214,0.6286165176223041,0.984349258649094,0.7672552166934189,0.7787756415196144,1195,706,19,231
ed,ed_r1,0,0.8,Pastures,916,0.8282828282828283,0.17903930131004367,0.29443447037701975,0.7067899255088814,164,34,752,1201
ed,ed_r1,0,0.8,"Transitional woodland, shrub",885,0.5760517799352751,0.20112994350282487,0.2981574539363484,0.5270520361951073,178,131,707,1135
ed,ed_r1,0,0.8,Urban fabric,265,0.32671081677704195,0.5584905660377358,0.41225626740947074,0.4366757969384441,148,305,117,1581
ed,ed_r1,0,1.0,Arable land,883,0.0,0.0,0.0,0.6532257734003044,0,0,883,1268
ed,ed_r1,0,1.0,Broad-leaved forest,511,0.0,0.0,0.0,0.3881720950625111,0,0,511,1640
ed,ed_r1,0,1.0,Complex cultivation patterns,1172,0.0,0.0,0.0,0.7976697182400568,0,0,1172,979
ed,ed_r1,0,1.0,Coniferous forest,1193,0.9901477832512315,0.3369656328583403,0.5028142589118199,0.8920087812242459,402,4,791,954
ed,ed_r1,0,1.0,Inland waters,379,0.0,0.0,0.0,0.6803606251582668,0,0,379,1772
ed,ed_r1,0,1.0,"Land principally occupied by agriculture, with significant areas of natural vegetation",996,0.0,0.0,0.0,0.6848878319644315,0,0,996,1155
ed,ed_r1,0,1.0,Marine waters,116,0.10131004366812227,1.0,0.18398096748612214,0.9999999999999997,116,1029,0,1006
ed,ed_r1,0,1.0,Mixed forest,1214,1.0,0.0008237232289950577,0.0016460905349794238,0.77587852572315,1,0,1213,937
ed,ed_r1,0,1.0,Pastures,916,0.0,0.0,0.0,0.6400804112476448,0,0,916,1235
ed,ed_r1,0,1.0,"Transitional woodland, shrub",885,0.0,0.0,0.0,0.5188090886367971,0,0,885,1266
ed,ed_r1,0,1.0,Urban fabric,265,0.6106870229007634,0.3018867924528302,0.40404040404040403,0.4535755520265824,80,51,185,1835
ed,ed_r2,0,0.0,Arable land,883,0.8048162230671736,0.7191392978482446,0.7595693779904307,0.8606445477036337,635,154,248,1114
ed,ed_r2,0,0.0,Broad-leaved forest,511,0.5194805194805194,0.3913894324853229,0.44642857142857145,0.5115738314865733,200,185,311,1455
ed,ed_r2,0,0.0,Complex cultivation patterns,1172,0.7519434628975264,0.9078498293515358,0.822574410514109,0.8516260063988501,1064,351,108,628
ed,ed_r2,0,0.0,Coniferous forest,1193,0.8928571428571429,0.8172673931265717,0.8533916849015317,0.946472215672607,975,117,218,841
ed,ed_r2,0,0.0,Inland waters,379,0.8604651162790697,0.5857519788918206,0.6970172684458399,0.8197638631665108,222,36,157,1736
ed,ed_r2,0,0.0,"Land principally occupied by agriculture, with significant areas of natural vegetation",996,0.6680227827502034,0.8242971887550201,0.7379775280898876,0.782556188411806,821,408,175,747
ed,ed_r2,0,0.0,Marine waters,116,0.9508196721311475,1.0,0.9747899159663865,0.9999999999999997,116,6,0,2029
ed,ed_r2,0,0.0,Mixed forest,1214,0.729901269393512,0.8525535420098846,0.7864741641337386,0.8316213109752628,1035,383,179,554
ed,ed_r2,0,0.0,Pastures,916,0.6703417861080485,0.6637554585152838,0.6670323642347779,0.7552380087386843,608,299,308,936
ed,ed_r2,0,0.0,"Transitional woodland, shrub",885,0.6374622356495468,0.2384180790960452,0.3470394736842105,0.5678348941795381,211,120,674,1146
ed,ed_r2,0,0.0,Urban fabric,265,0.7063492063492064,0.33584905660377357,0.45524296675191817,0.572185842816716,89,37,176,1849
ed,ed_r2,0,0.2,Arable land,883,0.7600472813238771,0.7281993204983013,0.7437825332562175,0.8427046255957058,643,203,240,1065
ed,ed_r2,0,0.2,Broad-leaved forest,511,0.5480769230769231,0.33463796477495106,0.4155528554070474,0.5061659798937539,171,141,340,1499
ed,ed_r2,0,0.2,Complex cultivation patterns,1172,0.7496423462088698,0.89419795221843,0.8155642023346303,0.8522819349078119,1048,350,124,629
ed,ed_r2,0,0.2,Coniferous forest,1193,0.8681898066783831,0.8281642917015927,0.8477048477048477,0.9442173982406231,988,150,205,808
ed,ed_r2,0,0.2,Inland waters,379,0.851145038167939,0.5883905013192612,0.6957878315132605,0.8213562697054448,223,39,156,1733
ed,ed_r2,0,0.2,"Land principally occupied by agriculture, with significant areas of natural vegetation",996,0.6887709991158267,0.7821285140562249,0.7324870709920075,0.7798493416903116,779,352,217,803
ed,ed_r2,0,0.2,Marine waters,116,0.943089430894309,1.0,0.9707112970711297,0.9999999999999998,116,7,0,2028
ed,ed_r2,0,0.2,Mixed forest,1214,0.7289586305278174,0.841845140032949,0.7813455657492355,0.8311552812212164,1022,380,192,557
ed,ed_r2,0,0.2,Pastures,916,0.6856492027334852,0.6572052401746725,0.6711259754738016,0.7536759046674271,602,276,314,959
ed,ed_r2,0,0.2,"Transitional woodland, shrub",885,0.6411609498680739,0.2745762711864407,0.38449367088607594,0.5660801165476823,243,136,642,1130
ed,ed_r2,0,0.2,Urban fabric,265,0.7168141592920354,0.30566037735849055,0.42857142857142855,0.5560351839564615,81,32,184,1854
ed,ed_r2,0,0.4,Arable land,883,0.747737556561086,0.7485843714609286,0.7481607243916242,0.8326584410807951,661,223,222,1045
ed,ed_r2,0,0.4,Broad-leaved forest,511,0.5511551155115512,0.3268101761252446,0.4103194103194103,0.5030015383987605,167,136,344,1504
ed,ed_r2,0,0.4,Complex cultivation patterns,1172,0.7389758179231863,0.886518771331058,0.8060512024825446,0.850652031862174,1039,367,133,612
ed,ed_r2,0,0.4,Coniferous forest,1193,0.8754416961130742,0.8306789606035205,0.8524731182795698,0.9391348532659961,991,141,202,817
ed,ed_r2,0,0.4,Inland waters,379,0.8533834586466166,0.5989445910290238,0.703875968992248,0.8128483988902357,227,39,152,1733
ed,ed_r2,0,0.4,"Land principally occupied by agriculture, with significant areas of natural vegetation",996,0.6751700680272109,0.7971887550200804,0.7311233885819521,0.7689415259342589,794,382,202,773
ed,ed_r2,0,0.4,Marine waters,116,0.943089430894309,1.0,0.9707112970711297,0.9999999999999997,116,7,0,2028
ed,ed_r2,0,0.4,Mixed forest,1214,0.7142857142857143,0.8525535420098846,0.7773188133683815,0.8248750959286398,1035,414,179,523
ed,ed_r2,0,0.4,Pastures,916,0.6666666666666666,0.648471615720524,0.6574432761483121,0.7468103221977593,594,297,322,938
ed,ed_r2,0,0.4,"Transitional woodland, shrub",885,0.6055045871559633,0.2983050847457627,0.3996971990915973,0.5569221039482588,264,172,621,1094
ed,ed_r2,0,0.4,Urban fabric,265,0.75,0.2490566037735849,0.37393767705382436,0.5421264553089857,66,22,199,1864
ed,ed_r2,0,0.6,Arable land,883,0.7298524404086265,0.7281993204983013,0.7290249433106576,0.8196989399412896,643,238,240,1030
ed,ed_r2,0,0.6,Broad-leaved forest,511,0.5514950166112956,0.324853228962818,0.4088669950738916,0.49872244392061515,166,135,345,1505
ed,ed_r2,0,0.6,Complex cultivation patterns,1172,0.7323636363636363,0.8592150170648464,0.7907341970946211,0.8438491700692123,1007,368,165,611
ed,ed_r2,0,0.6,Coniferous forest,1193,0.8664259927797834,0.8046940486169321,0.834419817470665,0.9309292029681463,960,148,233,810
ed,ed_r2,0,0.6,Inland waters,379,0.8470588235294118,0.5699208443271768,0.6813880126182965,0.812258903798585,216,39,163,1733
ed,ed_r2,0,0.6,"Land principally occupied by agriculture, with significant areas of natural vegetation",996,0.6720475785896347,0.7941767068273092,0.728025770823746,0.7597000193631678,791,386,205,769
ed,ed_r2,0,0.6,Marine waters,116,0.943089430894309,1.0,0.9707112970711297,0.9999999999999997,116,7,0,2028
ed,ed_r2,0,0.6,Mixed forest,1214,0.7071330589849109,0.8492586490939045,0.7717065868263473,0.8085641988806729,1031,427,183,510
ed,ed_r2,0,0.6,Pastures,916,0.6622516556291391,0.6550218340611353,0.6586169045005489,0.7283444737726833,600,306,316,929
ed,ed_r2,0,0.6,"Transitional woodland, shrub",885,0.5971370143149284,0.32994350282485874,0.42503639010189226,0.5564010916415637,292,197,593,1069
ed,ed_r2,0,0.6,Urban fabric,265,0.8378378378378378,0.2339622641509434,0.36578171091445427,0.5103938237417799,62,12,203,1874
ed,ed_r2,0,0.8,Arable land,883,0.6778741865509761,0.7078142695356738,0.6925207756232687,0.7618999521226126,625,297,258,971
ed,ed_r2,0,0.8,Broad-leaved forest,511,0.5492424242424242,0.2837573385518591,0.3741935483870968,0.4788733712880965,145,119,366,1521
ed,ed_r2,0,0.8,Complex cultivation patterns,1172,0.7284132841328413,0.8421501706484642,0.7811634349030471,0.8292954012910407,987,368,185,611
ed,ed_r2,0,0.8,Coniferous forest,1193,0.8772946859903382,0.7611064543168483,0.8150807899461401,0.9202127382424876,908,127,285,831
ed,ed_r2,0,0.8,Inland waters,379,0.8874458874458875,0.5408970976253298,0.6721311475409836,0.8011696292548991,205,26,174,1746
ed,ed_r2,0,0.8,"Land principally occupied by agriculture, with significant areas of natural vegetation",996,0.6608695652173913,0.7630522088353414,0.7082945013979497,0.7446753744675237,760,390,236,765
ed,ed_r2,0,0.8,Marine waters,116,0.9133858267716536,1.0,0.9547325102880658,0.9999999999999997,116,11,0,2024
ed,ed_r2,0,0.8,Mixed forest,1214,0.7024291497975709,0.857495881383855,0.7722551928783383,0.8119978550218969,1041,441,173,496
ed,ed_r2,0,0.8,Pastures,916,0.6504961411245865,0.6441048034934498,0.6472846955567746,0.7160112648067626,590,317,326,918
ed,ed_r2,0,0.8,"Transitional woodland, shrub",885,0.609271523178808,0.207909604519774,0.3100252737994945,0.5420546438652692,184,118,701,1148
ed,ed_r2,0,0.8,Urban fabric,265,0.8032786885245902,0.18490566037735848,0.3006134969325153,0.44919742278514563,49,12,216,1874
ed,ed_r2,0,1.0,Arable land,883,0.0,0.0,0.0,0.6815546232186755,0,0,883,1268
ed,ed_r2,0,1.0,Broad-leaved forest,511,0.0,0.0,0.0,0.41543590353222704,0,0,511,1640
ed,ed_r2,0,1.0,Complex cultivation patterns,1172,0.0,0.0,0.0,0.8024631687142504,0,0,1172,979
ed,ed_r2,0,1.0,Coniferous forest,1193,0.7283687943262411,0.8608549874266554,0.7890895121014214,0.8983338847002891,1027,383,166,575
ed,ed_r2,0,1.0,Inland waters,379,0.0,0.0,0.0,0.7918789699857366,0,0,379,1772
ed,ed_r2,0,1.0,"Land principally occupied by agriculture, with significant areas of natural vegetation",996,0.0,0.0,0.0,0.7231535119917388,0,0,996,1155
ed,ed_r2,0,1.0,Marine waters,116,0.5631067961165048,1.0,0.7204968944099379,0.9999999999999998,116,90,0,1945
ed,ed_r2,0,1.0,Mixed forest,1214,0.6954102920723226,0.8237232289950577,0.7541478129713424,0.8097049510979657,1000,438,214,499
ed,ed_r2,0,1.0,Pastures,916,0.0,0.0,0.0,0.6422766674412271,0,0,916,1235
ed,ed_r2,0,1.0,"Transitional woodland, shrub",885,0.56,0.1423728813559322,0.22702702702702704,0.5226716851988781,126,99,759,1167
ed,ed_r2,0,1.0,Urban fabric,265,0.7282608695652174,0.2528301886792453,0.3753501400560224,0.44619757108988223,67,25,198,1861
ed_residual,ed_r2,0,0.0,Arable land,883,0.7763761467889908,0.766704416761042,0.7715099715099715,0.8607916172081498,677,195,206,1073
ed_residual,ed_r2,0,0.0,Broad-leaved forest,511,0.48440366972477067,0.5166340508806262,0.5,0.5186565005897212,264,281,247,1359
ed_residual,ed_r2,0,0.0,Complex cultivation patterns,1172,0.760200429491768,0.9061433447098977,0.8267808485792137,0.8668369127686928,1062,335,110,644
ed_residual,ed_r2,0,0.0,Coniferous forest,1193,0.9234800838574424,0.7384744341994971,0.8206800186306474,0.9452892322673371,881,73,312,885
ed_residual,ed_r2,0,0.0,Inland waters,379,0.9022222222222223,0.5356200527704486,0.6721854304635762,0.8105997399569242,203,22,176,1750
ed_residual,ed_r2,0,0.0,"Land principally occupied by agriculture, with significant areas of natural vegetation",996,0.6883802816901409,0.785140562248996,0.7335834896810507,0.7763821354594804,782,354,214,801
ed_residual,ed_r2,0,0.0,Marine waters,116,1.0,1.0,1.0,0.9999999999999997,116,0,0,2035
ed_residual,ed_r2,0,0.0,Mixed forest,1214,0.7448377581120944,0.8319604612850082,0.7859922178988327,0.8518017122564696,1010,346,204,591
ed_residual,ed_r2,0,0.0,Pastures,916,0.7163461538461539,0.6506550218340611,0.6819221967963387,0.766981526423252,596,236,320,999
ed_residual,ed_r2,0,0.0,"Transitional woodland, shrub",885,0.6108007448789572,0.3706214689265537,0.4613220815752461,0.5709617666059659,328,209,557,1057
ed_residual,ed_r2,0,0.0,Urban fabric,265,0.6451612903225806,0.37735849056603776,0.47619047619047616,0.5676165920777354,100,55,165,1831
ed_residual,ed_r2,0,0.2,Arable land,883,0.7687793427230047,0.7417893544733862,0.7550432276657061,0.8504350994148056,655,197,228,1071
ed_residual,ed_r2,0,0.2,Broad-leaved forest,511,0.4901185770750988,0.48532289628180036,0.48770894788593905,0.5188810098825957,248,258,263,1382
ed_residual,ed_r2,0,0.2,Complex cultivation patterns,1172,0.7714285714285715,0.8754266211604096,0.8201438848920863,0.8598123777842179,1026,304,146,675
ed_residual,ed_r2,0,0.2,Coniferous forest,1193,0.9079333986287953,0.7770326906957251,0.8373983739837398,0.942658169543614,927,94,266,864
ed_residual,ed_r2,0,0.2,Inland waters,379,0.8884120171673819,0.5461741424802111,0.6764705882352942,0.7803114613321382,207,26,172,1746
ed_residual,ed_r2,0,0.2,"Land principally occupied by agriculture, with significant areas of natural vegetation",996,0.7069133398247323,0.7289156626506024,0.717745921898171,0.7706466484833608,726,301,270,854
ed_residual,ed_r2,0,0.2,Marine waters,116,0.9914529914529915,1.0,0.9957081545064378,0.9999999999999998,116,1,0,2034
ed_residual,ed_r2,0,0.2,Mixed forest,1214,0.7431818181818182,0.8080724876441515,0.7742699289660616,0.8533600836823737,981,339,233,598
ed_residual,ed_r2,0,0.2,Pastures,916,0.7163781624500666,0.5873362445414847,0.6454709058188363,0.7578300549053996,538,213,378,1022
ed_residual,ed_r2,0,0.2,"Transitional woodland, shrub",885,0.5872756933115824,0.4067796610169492,0.48064085447263016,0.5696784898850646,360,253,525,1013
ed_residual,ed_r2,0,0.2,Urban fabric,265,0.6486486486486487,0.3622641509433962,0.4648910411622276,0.5474891564147932,96,52,169,1834
ed_residual,ed_r2,0,0.4,Arable land,883,0.7586206896551724,0.7474518686296716,0.7529948659440958,0.8392517811308995,660,210,223,1058
ed_residual,ed_r2,0,0.4,Broad-leaved forest,511,0.49385245901639346,0.47162426614481406,0.4824824824824825,0.5086644747141021,241,247,270,1393
ed_residual,ed_r2,0,0.4,Complex cultivation patterns,1172,0.7605011053795137,0.8805460750853242,0.8161328588374852,0.8508145793563497,1032,325,140,654
ed_residual,ed_r2,0,0.4,Coniferous forest,1193,0.9113545816733067,0.7669740150880134,0.8329540282203004,0.935753502006929,915,89,278,869
ed_residual,ed_r2,0,0.4,Inland waters,379,0.8760683760683761,0.5408970976253298,0.6688417618270799,0.7725780106964323,205,29,174,1743
ed_residual,ed_r2,0,0.4,"Land principally occupied by agriculture, with significant areas of natural vegetation",996,0.6991321118611379,0.7279116465863453,0.7132316773241515,0.7692398244415152,725,312,271,843
ed_residual,ed_r2,0,0.4,Marine waters,116,0.9830508474576272,1.0,0.9914529914529915,0.9999999999999999,116,2,0,2033
ed_residual,ed_r2,0,0.4,Mixed forest,1214,0.740340030911901,0.7891268533772653,0.7639553429027113,0.8432164886549816,958,336,256,601
ed_residual,ed_r2,0,0.4,Pastures,916,0.715633423180593,0.5796943231441049,0.6405307599517491,0.7517799708229113,531,211,385,1024
ed_residual,ed_r2,0,0.4,"Transitional woodland, shrub",885,0.5804878048780487,0.4033898305084746,0.476,0.5611283990761372,357,258,528,1008
ed_residual,ed_r2,0,0.4,Urban fabric,265,0.6363636363636364,0.3169811320754717,0.42317380352644834,0.5375623091509144,84,48,181,1838
ed_residual,ed_r2,0,0.6,Arable land,883,0.7383390216154722,0.7349943374858438,0.7366628830874007,0.8242953328031638,649,230,234,1038
ed_residual,ed_r2,0,0.6,Broad-leaved forest,511,0.49321266968325794,0.42661448140900193,0.45750262329485836,0.4985481207472471,218,224,293,1416
ed_residual,ed_r2,0,0.6,Complex cultivation patterns,1172,0.7490580256217031,0.8481228668941979,0.7955182072829131,0.8454810536810646,994,333,178,646
ed_residual,ed_r2,0,0.6,Coniferous forest,1193,0.8995943204868154,0.7435037720033529,0.8141349242771914,0.9261748487196815,887,99,306,859
ed_residual,ed_r2,0,0.6,Inland waters,379,0.8772727272727273,0.5092348284960422,0.6444073455759599,0.7582409407640396,193,27,186,1745
ed_residual,ed_r2,0,0.6,"Land principally occupied by agriculture, with significant areas of natural vegetation",996,0.6993339676498572,0.7379518072289156,0.7181240840254031,0.7548815208886235,735,316,261,839
ed_residual,ed_r2,0,0.6,Marine waters,116,0.9586776859504132,1.0,0.9789029535864979,0.9999999999999997,116,5,0,2030
ed_residual,ed_r2,0,0.6,Mixed forest,1214,0.7489812550937245,0.757001647446458,0.7529700942236788,0.8153965353224255,919,308,295,629
ed_residual,ed_r2,0,0.6,Pastures,916,0.6962190352020861,0.5829694323144105,0.6345811051693404,0.7248393573697541,534,233,382,1002
ed_residual,ed_r2,0,0.6,"Transitional woodland, shrub",885,0.5520504731861199,0.3954802259887006,0.4608294930875576,0.5595077405254799,350,284,535,982
ed_residual,ed_r2,0,0.6,Urban fabric,265,0.6379310344827587,0.2792452830188679,0.3884514435695538,0.48061846560512744,74,42,191,1844
ed_residual,ed_r2,0,0.8,Arable land,883,0.655958549222798,0.7168742921857305,0.685064935064935,0.7628796182579041,633,332,250,936
ed_residual,ed_r2,0,0.8,Broad-leaved forest,511,0.46984924623115576,0.3659491193737769,0.41144114411441146,0.4726216816768209,187,211,324,1429
ed_residual,ed_r2,0,0.8,Complex cultivation patterns,1172,0.7073684210526315,0.8600682593856656,0.7762803234501348,0.816563032119443,1008,417,164,562
ed_residual,ed_r2,0,0.8,Coniferous forest,1193,0.9034028540065862,0.6898575020955574,0.782319391634981,0.9050474113983791,823,88,370,870
ed_residual,ed_r2,0,0.8,Inland waters,379,0.9267015706806283,0.46701846965699206,0.6210526315789474,0.7509595356479892,177,14,202,1758
ed_residual,ed_r2,0,0.8,"Land principally occupied by agriculture, with significant areas of natural vegetation",996,0.673828125,0.6927710843373494,0.6831683168316832,0.7269450160207804,690,334,306,821
ed_residual,ed_r2,0,0.8,Marine waters,116,0.9354838709677419,1.0,0.9666666666666667,0.9999999999999997,116,8,0,2027
ed_residual,ed_r2,0,0.8,Mixed forest,1214,0.7495755517826825,0.7273476112026359,0.7382943143812709,0.7994986459070905,883,295,331,642
ed_residual,ed_r2,0,0.8,Pastures,916,0.6744505494505495,0.5360262008733624,0.597323600973236,0.7088982642735988,491,237,425,998
ed_residual,ed_r2,0,0.8,"Transitional woodland, shrub",885,0.5972696245733788,0.1977401129943503,0.29711375212224106,0.5305206247788691,175,118,710,1148
ed_residual,ed_r2,0,0.8,Urban fabric,265,0.5116279069767442,0.1660377358490566,0.25071225071225073,0.35692503253830665,44,42,221,1844
ed_residual,ed_r2,0,1.0,Arable land,883,0.0,0.0,0.0,0.5844043761516238,0,0,883,1268
ed_residual,ed_r2,0,1.0,Broad-leaved forest,511,0.0,0.0,0.0,0.20871393277029976,0,0,511,1640
ed_residual,ed_r2,0,1.0,Complex cultivation patterns,1172,0.0,0.0,0.0,0.5026967269609566,0,0,1172,979
ed_residual,ed_r2,0,1.0,Coniferous forest,1193,0.0,0.0,0.0,0.5115478699222309,0,0,1193,958
ed_residual,ed_r2,0,1.0,Inland waters,379,0.0,0.0,0.0,0.4538869439432108,0,0,379,1772
ed_residual,ed_r2,0,1.0,"Land principally occupied by agriculture, with significant areas of natural vegetation",996,0.0,0.0,0.0,0.39728344077328104,0,0,996,1155
ed_residual,ed_r2,0,1.0,Marine waters,116,0.05392840539284054,1.0,0.1023378914865461,0.7483870967741936,116,2035,0,0
ed_residual,ed_r2,0,1.0,Mixed forest,1214,0.0,0.0,0.0,0.6115726791269651,0,0,1214,937
ed_residual,ed_r2,0,1.0,Pastures,916,0.0,0.0,0.0,0.5331215548038287,0,0,916,1235
ed_residual,ed_r2,0,1.0,"Transitional woodland, shrub",885,0.0,0.0,0.0,0.44400074924996896,0,0,885,1266
ed_residual,ed_r2,0,1.0,Urban fabric,265,0.0,0.0,0.0,0.12799724756991135,0,0,265,1886
