variant,seed,test_level,mse_hat_vs_clean,mse_degraded_vs_clean,cos_hat_vs_clean,cos_degraded_vs_clean,cos_hat_vs_degraded,mse_improvement,recovers,mse_mean_predictor,cos_mean_predictor,r2_hat,r2_degraded,centered_cos_hat,centered_cos_degraded,beats_mean_predictor
ed,0,0.0,0.005858776159584522,0.0,0.987614095211029,1.0,0.987614095211029,-0.005858776159584522,False,0.011276578530669212,0.9757827520370483,0.48044735877551403,1.0,0.660472571849823,1.0,True
ed,0,0.2,0.005858776159584522,0.008332911878824234,0.987614095211029,0.9822772741317749,0.9770294427871704,0.0024741357192397118,True,0.011276578530669212,0.9757827520370483,0.48044735877551403,0.26104253553850665,0.660472571849823,0.6384398341178894,True
ed,0,0.4,0.005858776159584522,0.017251700162887573,0.987614095211029,0.9632935523986816,0.9629836678504944,0.011392924003303051,True,0.011276578530669212,0.9757827520370483,0.48044735877551403,-0.5298700856795935,0.660472571849823,0.37913018465042114,True
ed,0,0.6,0.005858776159584522,0.02802927978336811,0.987614095211029,0.940339207649231,0.9444952011108398,0.02217050362378359,True,0.011276578530669212,0.9757827520370483,0.48044735877551403,-1.4856191713768614,0.660472571849823,0.18504689633846283,True
ed,0,0.8,0.005858776159584522,0.04208514839410782,0.987614095211029,0.9104012846946716,0.9194475412368774,0.036226372234523296,True,0.011276578530669212,0.9757827520370483,0.48044735877551403,-2.7320848943363196,0.660472571849823,0.020805155858397484,True
ed,0,1.0,0.005858776159584522,0.08551614731550217,0.987614095211029,0.8181148171424866,0.8296258449554443,0.07965737115591764,True,0.011276578530669212,0.9757827520370483,0.48044735877551403,-6.583518979885753,0.660472571849823,-0.13776278495788574,True
ed,1,0.0,0.006366375833749771,0.0,0.9866650104522705,1.0,0.9866650104522705,-0.006366375833749771,False,0.011276578530669212,0.9757827520370483,0.4354337340501848,1.0,0.6221591830253601,1.0,True
ed,1,0.2,0.006366375833749771,0.008332911878824234,0.9866650104522705,0.9822772741317749,0.9758021831512451,0.001966536045074463,True,0.011276578530669212,0.9757827520370483,0.4354337340501848,0.26104253553850665,0.6221591830253601,0.6384398341178894,True
ed,1,0.4,0.006366375833749771,0.017251700162887573,0.9866650104522705,0.9632935523986816,0.9617103338241577,0.010885324329137802,True,0.011276578530669212,0.9757827520370483,0.4354337340501848,-0.5298700856795935,0.6221591830253601,0.37913018465042114,True
ed,1,0.6,0.006366375833749771,0.02802927978336811,0.9866650104522705,0.940339207649231,0.9433040618896484,0.02166290394961834,True,0.011276578530669212,0.9757827520370483,0.4354337340501848,-1.4856191713768614,0.6221591830253601,0.18504689633846283,True
ed,1,0.8,0.006366375833749771,0.04208514839410782,0.9866650104522705,0.9104012846946716,0.9185135364532471,0.03571877256035805,True,0.011276578530669212,0.9757827520370483,0.4354337340501848,-2.7320848943363196,0.6221591830253601,0.020805155858397484,True
ed,1,1.0,0.006366375833749771,0.08551614731550217,0.9866650104522705,0.8181148171424866,0.8299633264541626,0.0791497714817524,True,0.011276578530669212,0.9757827520370483,0.4354337340501848,-6.583518979885753,0.6221591830253601,-0.13776278495788574,True
ed,2,0.0,0.006146867759525776,0.0,0.9869943857192993,1.0,0.9869943857192993,-0.006146867759525776,False,0.011276578530669212,0.9757827520370483,0.454899574121,1.0,0.6382771730422974,1.0,True
ed,2,0.2,0.006146867759525776,0.008332911878824234,0.9869943857192993,0.9822772741317749,0.9767715930938721,0.002186044119298458,True,0.011276578530669212,0.9757827520370483,0.454899574121,0.26104253553850665,0.6382771730422974,0.6384398341178894,True
ed,2,0.4,0.006146867759525776,0.017251700162887573,0.9869943857192993,0.9632935523986816,0.962955892086029,0.011104832403361797,True,0.011276578530669212,0.9757827520370483,0.454899574121,-0.5298700856795935,0.6382771730422974,0.37913018465042114,True
ed,2,0.6,0.006146867759525776,0.02802927978336811,0.9869943857192993,0.940339207649231,0.9447863698005676,0.021882412023842335,True,0.011276578530669212,0.9757827520370483,0.454899574121,-1.4856191713768614,0.6382771730422974,0.18504689633846283,True
ed,2,0.8,0.006146867759525776,0.04208514839410782,0.9869943857192993,0.9104012846946716,0.920193076133728,0.03593828063458204,True,0.011276578530669212,0.9757827520370483,0.454899574121,-2.7320848943363196,0.6382771730422974,0.020805155858397484,True
ed,2,1.0,0.006146867759525776,0.08551614731550217,0.9869943857192993,0.8181148171424866,0.8313579559326172,0.07936927955597639,True,0.011276578530669212,0.9757827520370483,0.454899574121,-6.583518979885753,0.6382771730422974,-0.13776278495788574,True
ed_residual,0,0.0,0.00891228299587965,0.0,0.9826756715774536,1.0,0.9826756715774536,-0.00891228299587965,False,0.011276578530669212,0.9757827520370483,0.20966426370900748,1.0,0.7798429131507874,1.0,True
ed_residual,0,0.2,0.004422503523528576,0.008332911878824234,0.9908422827720642,0.9822772741317749,0.9814559817314148,0.003910408355295658,True,0.011276578530669212,0.9757827520370483,0.6078151265917606,0.26104253553850665,0.8075146079063416,0.6384398341178894,True
ed_residual,0,0.4,0.005548123735934496,0.017251700162887573,0.9881702661514282,0.9632935523986816,0.9810094833374023,0.011703576426953077,True,0.011276578530669212,0.9757827520370483,0.5079958233035743,-0.5298700856795935,0.7203764319419861,0.37913018465042114,True
ed_residual,0,0.6,0.009663515724241734,0.02802927978336811,0.979240894317627,0.940339207649231,0.9808385372161865,0.018365764059126377,True,0.011276578530669212,0.9757827520370483,0.14304541063057286,-1.4856191713768614,0.47512105107307434,0.18504689633846283,True
ed_residual,0,0.8,0.018313774839043617,0.04208514839410782,0.9603241682052612,0.9104012846946716,0.980864405632019,0.0237713735550642,True,0.011276578530669212,0.9757827520370483,-0.6240542101697917,-2.7320848943363196,0.14582423865795135,0.020805155858397484,False
ed_residual,0,1.0,0.0822044238448143,0.08551614731550217,0.8279975056648254,0.8181148171424866,0.9814636707305908,0.003311723470687866,True,0.011276578530669212,0.9757827520370483,-6.2898373936066445,-6.583518979885753,-0.08573625981807709,-0.13776278495788574,False
ed_residual,1,0.0,0.009173329919576645,0.0,0.9821853637695312,1.0,0.9821853637695312,-0.009173329919576645,False,0.011276578530669212,0.9757827520370483,0.18651478419383205,1.0,0.775698184967041,1.0,True
ed_residual,1,0.2,0.004404131788760424,0.008332911878824234,0.990899920463562,0.9822772741317749,0.9809200167655945,0.00392878009006381,True,0.011276578530669212,0.9757827520370483,0.6094443206525464,0.26104253553850665,0.8052485585212708,0.6384398341178894,True
ed_residual,1,0.4,0.0052974410355091095,0.017251700162887573,0.9887134432792664,0.9632935523986816,0.9804533123970032,0.011954259127378464,True,0.011276578530669212,0.9757827520370483,0.53022620991806,-0.5298700856795935,0.7240414023399353,0.37913018465042114,True
ed_residual,1,0.6,0.009258564561605453,0.02802927978336811,0.9801169037818909,0.940339207649231,0.9802735447883606,0.018770715221762657,True,0.011276578530669212,0.9757827520370483,0.17895622892842122,-1.4856191713768614,0.48312750458717346,0.18504689633846283,True
ed_residual,1,0.8,0.017819590866565704,0.04208514839410782,0.9613980650901794,0.9104012846946716,0.9802996516227722,0.024265557527542114,True,0.011276578530669212,0.9757827520370483,-0.5802302815611391,-2.7320848943363196,0.15284398198127747,0.020805155858397484,False
ed_residual,1,1.0,0.08205492794513702,0.08551614731550217,0.8284085988998413,0.8181148171424866,0.9809325337409973,0.003461219370365143,True,0.011276578530669212,0.9757827520370483,-6.276580189812898,-6.583518979885753,-0.0824611708521843,-0.13776278495788574,False
ed_residual,2,0.0,0.009596530348062515,0.0,0.9814180731773376,1.0,0.9814180731773376,-0.009596530348062515,False,0.011276578530669212,0.9757827520370483,0.14898563230304518,1.0,0.7702953815460205,1.0,True
ed_residual,2,0.2,0.004526257980614901,0.008332911878824234,0.9906529784202576,0.9822772741317749,0.9800646901130676,0.0038066538982093334,True,0.011276578530669212,0.9757827520370483,0.5986142455972159,0.26104253553850665,0.8061283826828003,0.6384398341178894,True
ed_residual,2,0.4,0.00535188801586628,0.017251700162887573,0.988593578338623,0.9632935523986816,0.9795623421669006,0.011899812147021294,True,0.011276578530669212,0.9757827520370483,0.525397885421486,-0.5298700856795935,0.7330920696258545,0.37913018465042114,True
ed_residual,2,0.6,0.00924648717045784,0.02802927978336811,0.9801447987556458,0.940339207649231,0.9793576598167419,0.01878279261291027,True,0.011276578530669212,0.9757827520370483,0.18002724449531204,-1.4856191713768614,0.49482911825180054,0.18504689633846283,True
ed_residual,2,0.8,0.017761841416358948,0.04208514839410782,0.9615331292152405,0.9104012846946716,0.9793652892112732,0.02432330697774887,True,0.011276578530669212,0.9757827520370483,-0.575109096083674,-2.7320848943363196,0.1564456820487976,0.020805155858397484,False
ed_residual,2,1.0,0.0824168249964714,0.08551614731550217,0.8278172016143799,0.8181148171424866,0.9800810217857361,0.0030993223190307617,True,0.011276578530669212,0.9757827520370483,-6.308672996185869,-6.583518979885753,-0.08268458396196365,-0.13776278495788574,False
ed_shuf,0,0.0,0.01142046321183443,0.0,0.9756050109863281,1.0,0.9756050109863281,-0.01142046321183443,False,0.011276578530669212,0.9757827520370483,-0.012759604411381575,1.0,0.001311421045102179,1.0,False
ed_shuf,0,0.2,0.01142046321183443,0.008332911878824234,0.9756050109863281,0.9822772741317749,0.9707682728767395,-0.0030875513330101967,False,0.011276578530669212,0.9757827520370483,-0.012759604411381575,0.26104253553850665,0.001311421045102179,0.6384398341178894,False
ed_shuf,0,0.4,0.01142046321183443,0.017251700162887573,0.9756050109863281,0.9632935523986816,0.9610775709152222,0.0058312369510531425,True,0.011276578530669212,0.9757827520370483,-0.012759604411381575,-0.5298700856795935,0.001311421045102179,0.37913018465042114,False
ed_shuf,0,0.6,0.01142046321183443,0.02802927978336811,0.9756050109863281,0.940339207649231,0.9468506574630737,0.01660881657153368,True,0.011276578530669212,0.9757827520370483,-0.012759604411381575,-1.4856191713768614,0.001311421045102179,0.18504689633846283,False
ed_shuf,0,0.8,0.01142046321183443,0.04208514839410782,0.9756050109863281,0.9104012846946716,0.9270415902137756,0.030664685182273388,True,0.011276578530669212,0.9757827520370483,-0.012759604411381575,-2.7320848943363196,0.001311421045102179,0.020805155858397484,False
ed_shuf,0,1.0,0.01142046321183443,0.08551614731550217,0.9756050109863281,0.8181148171424866,0.8501563668251038,0.07409568410366774,True,0.011276578530669212,0.9757827520370483,-0.012759604411381575,-6.583518979885753,0.001311421045102179,-0.13776278495788574,False
ed_shuf,1,0.0,0.011174623854458332,0.0,0.9761196374893188,1.0,0.9761196374893188,-0.011174623854458332,False,0.011276578530669212,0.9757827520370483,0.009041277541196657,1.0,0.12424898147583008,1.0,True
ed_shuf,1,0.2,0.011174623854458332,0.008332911878824234,0.9761196374893188,0.9822772741317749,0.9712368249893188,-0.002841711975634098,False,0.011276578530669212,0.9757827520370483,0.009041277541196657,0.26104253553850665,0.12424898147583008,0.6384398341178894,True
ed_shuf,1,0.4,0.011174623854458332,0.017251700162887573,0.9761196374893188,0.9632935523986816,0.9613996744155884,0.006077076308429241,True,0.011276578530669212,0.9757827520370483,0.009041277541196657,-0.5298700856795935,0.12424898147583008,0.37913018465042114,True
ed_shuf,1,0.6,0.011174623854458332,0.02802927978336811,0.9761196374893188,0.940339207649231,0.9469732642173767,0.01685465592890978,True,0.011276578530669212,0.9757827520370483,0.009041277541196657,-1.4856191713768614,0.12424898147583008,0.18504689633846283,True
ed_shuf,1,0.8,0.011174623854458332,0.04208514839410782,0.9761196374893188,0.9104012846946716,0.9268320202827454,0.030910524539649487,True,0.011276578530669212,0.9757827520370483,0.009041277541196657,-2.7320848943363196,0.12424898147583008,0.020805155858397484,True
ed_shuf,1,1.0,0.011174623854458332,0.08551614731550217,0.9761196374893188,0.8181148171424866,0.848337709903717,0.07434152346104383,True,0.011276578530669212,0.9757827520370483,0.009041277541196657,-6.583518979885753,0.12424898147583008,-0.13776278495788574,True
ed_shuf,2,0.0,0.011416706256568432,0.0,0.9759100079536438,1.0,0.9759100079536438,-0.011416706256568432,False,0.011276578530669212,0.9757827520370483,-0.012426439945246726,1.0,0.03640114516019821,1.0,False
ed_shuf,2,0.2,0.011416706256568432,0.008332911878824234,0.9759100079536438,0.9822772741317749,0.9706627130508423,-0.003083794377744198,False,0.011276578530669212,0.9757827520370483,-0.012426439945246726,0.26104253553850665,0.03640114516019821,0.6384398341178894,False
ed_shuf,2,0.4,0.011416706256568432,0.017251700162887573,0.9759100079536438,0.9632935523986816,0.9606863260269165,0.005834993906319141,True,0.011276578530669212,0.9757827520370483,-0.012426439945246726,-0.5298700856795935,0.03640114516019821,0.37913018465042114,False
ed_shuf,2,0.6,0.011416706256568432,0.02802927978336811,0.9759100079536438,0.940339207649231,0.9461577534675598,0.01661257352679968,True,0.011276578530669212,0.9757827520370483,-0.012426439945246726,-1.4856191713768614,0.03640114516019821,0.18504689633846283,False
ed_shuf,2,0.8,0.011416706256568432,0.04208514839410782,0.9759100079536438,0.9104012846946716,0.925933837890625,0.030668442137539387,True,0.011276578530669212,0.9757827520370483,-0.012426439945246726,-2.7320848943363196,0.03640114516019821,0.020805155858397484,False
ed_shuf,2,1.0,0.011416706256568432,0.08551614731550217,0.9759100079536438,0.8181148171424866,0.8487012982368469,0.07409944105893373,True,0.011276578530669212,0.9757827520370483,-0.012426439945246726,-6.583518979885753,0.03640114516019821,-0.13776278495788574,False
