regime,arm,seed,test_level,class,support,precision,recall,f1,average_precision,tp,fp,fn,tn
clean,optical,0,0.0,Arable land,883,0.7550802139037434,0.7995469988674971,0.7766776677667767,0.8570811360369978,706,229,177,1039
clean,optical,0,0.0,Broad-leaved forest,511,0.5253333333333333,0.38551859099804303,0.44469525959367945,0.5165459585569547,197,178,314,1462
clean,optical,0,0.0,Complex cultivation patterns,1172,0.7667402501839587,0.8890784982935154,0.8233899644409325,0.8598481235168374,1042,317,130,662
clean,optical,0,0.0,Coniferous forest,1193,0.9059500959692899,0.7912824811399832,0.8447427293064877,0.9436378377309635,944,98,249,860
clean,optical,0,0.0,Inland waters,379,0.8712121212121212,0.6068601583113457,0.7153965785381027,0.8444386776741355,230,34,149,1738
clean,optical,0,0.0,"Land principally occupied by agriculture, with significant areas of natural vegetation",996,0.6854974704890388,0.8162650602409639,0.7451879010082493,0.7896792131473346,813,373,183,782
clean,optical,0,0.0,Marine waters,116,0.9508196721311475,1.0,0.9747899159663865,0.9999999999999997,116,6,0,2029
clean,optical,0,0.0,Mixed forest,1214,0.7370343316289262,0.8311367380560132,0.781262098335269,0.8411818061652485,1009,360,205,577
clean,optical,0,0.0,Pastures,916,0.6949352179034158,0.6441048034934498,0.6685552407932012,0.7630047178535497,590,259,326,976
clean,optical,0,0.0,"Transitional woodland, shrub",885,0.6101694915254238,0.3254237288135593,0.42446573323507736,0.5686611988519708,288,184,597,1082
clean,optical,0,0.0,Urban fabric,265,0.7045454545454546,0.35094339622641507,0.46851385390428213,0.5499414090928629,93,39,172,1847
clean,optical,0,0.2,Arable land,883,0.7092130518234165,0.8369195922989807,0.7677922077922078,0.8451630256105145,739,303,144,965
clean,optical,0,0.2,Broad-leaved forest,511,0.5949367088607594,0.2759295499021526,0.3770053475935829,0.5055385783538267,141,96,370,1544
clean,optical,0,0.2,Complex cultivation patterns,1172,0.7246770904146839,0.909556313993174,0.8066590995081347,0.8409498732113811,1066,405,106,574
clean,optical,0,0.2,Coniferous forest,1193,0.8310316815597075,0.8575020955574183,0.844059405940594,0.9377325348805878,1023,208,170,750
clean,optical,0,0.2,Inland waters,379,0.18612774451097805,0.9841688654353562,0.3130507763323542,0.46369005405478575,373,1631,6,141
clean,optical,0,0.2,"Land principally occupied by agriculture, with significant areas of natural vegetation",996,0.6742043551088778,0.8082329317269076,0.7351598173515982,0.7733460002430713,805,389,191,766
clean,optical,0,0.2,Marine waters,116,0.9354838709677419,1.0,0.9666666666666667,0.9999999999999997,116,8,0,2027
clean,optical,0,0.2,Mixed forest,1214,0.714190093708166,0.8789126853377265,0.7880354505169868,0.8437952981712658,1067,427,147,510
clean,optical,0,0.2,Pastures,916,0.7784313725490196,0.4334061135371179,0.5568022440392707,0.751857860938189,397,113,519,1122
clean,optical,0,0.2,"Transitional woodland, shrub",885,0.6222222222222222,0.031638418079096044,0.060215053763440864,0.567634477642811,28,17,857,1249
clean,optical,0,0.2,Urban fabric,265,0.678082191780822,0.37358490566037733,0.48175182481751827,0.564750235840104,99,47,166,1839
clean,optical,0,0.4,Arable land,883,0.704390243902439,0.8176670441676104,0.7568134171907757,0.8335107142644039,722,303,161,965
clean,optical,0,0.4,Broad-leaved forest,511,0.6454545454545455,0.13894324853228962,0.2286634460547504,0.4867705271303706,71,39,440,1601
clean,optical,0,0.4,Complex cultivation patterns,1172,0.7539184952978056,0.8208191126279863,0.7859477124183006,0.835217681644605,962,314,210,665
clean,optical,0,0.4,Coniferous forest,1193,0.802731411229135,0.8868398994132439,0.8426921545201115,0.9261009200534907,1058,260,135,698
clean,optical,0,0.4,Inland waters,379,0.1832098765432099,0.978891820580475,0.3086522462562396,0.23703677858505273,371,1654,8,118
clean,optical,0,0.4,"Land principally occupied by agriculture, with significant areas of natural vegetation",996,0.7612809315866085,0.5251004016064257,0.6215092097445039,0.7517952769723726,523,164,473,991
clean,optical,0,0.4,Marine waters,116,0.928,1.0,0.9626556016597511,0.9999999999999997,116,9,0,2026
clean,optical,0,0.4,Mixed forest,1214,0.6831200487507617,0.9233937397034596,0.7852889667250438,0.8376034981552032,1121,520,93,417
clean,optical,0,0.4,Pastures,916,0.9316239316239316,0.11899563318777293,0.2110358180058083,0.7510935685446914,109,8,807,1227
clean,optical,0,0.4,"Transitional woodland, shrub",885,1.0,0.0011299435028248588,0.002257336343115124,0.5537819846852006,1,0,884,1266
clean,optical,0,0.4,Urban fabric,265,0.7314814814814815,0.2981132075471698,0.42359249329758714,0.550930437073696,79,29,186,1857
clean,optical,0,0.6,Arable land,883,0.7383918459796149,0.7383918459796149,0.7383918459796149,0.8126617126464584,652,231,231,1037
clean,optical,0,0.6,Broad-leaved forest,511,0.9,0.01761252446183953,0.0345489443378119,0.47211123938925975,9,1,502,1639
clean,optical,0,0.6,Complex cultivation patterns,1172,0.8313609467455622,0.47952218430034127,0.6082251082251082,0.8196741271951917,562,114,610,865
clean,optical,0,0.6,Coniferous forest,1193,0.7394843962008141,0.9136630343671417,0.817397825271841,0.8995533808784026,1090,384,103,574
clean,optical,0,0.6,Inland waters,379,0.18100890207715134,0.9656992084432717,0.3048729695960017,0.17637075423735762,366,1656,13,116
clean,optical,0,0.6,"Land principally occupied by agriculture, with significant areas of natural vegetation",996,0.9459459459459459,0.035140562248995984,0.06776379477250725,0.7264762161595311,35,2,961,1153
clean,optical,0,0.6,Marine waters,116,0.8656716417910447,1.0,0.928,0.9999999999999997,116,18,0,2017
clean,optical,0,0.6,Mixed forest,1214,0.6461111111111111,0.9579901153212521,0.7717319177173192,0.7988250956530021,1163,637,51,300
clean,optical,0,0.6,Pastures,916,1.0,0.001091703056768559,0.0021810250817884407,0.7113261811863755,1,0,915,1235
clean,optical,0,0.6,"Transitional woodland, shrub",885,0.0,0.0,0.0,0.5465730676390355,0,0,885,1266
clean,optical,0,0.6,Urban fabric,265,0.8723404255319149,0.15471698113207547,0.26282051282051283,0.4945171093952634,41,6,224,1880
clean,optical,0,0.8,Arable land,883,0.8426229508196721,0.29105322763306907,0.43265993265993263,0.7304735825616505,257,48,626,1220
clean,optical,0,0.8,Broad-leaved forest,511,0.0,0.0,0.0,0.4131152798392409,0,0,511,1640
clean,optical,0,0.8,Complex cultivation patterns,1172,1.0,0.0008532423208191126,0.0017050298380221654,0.7820454968150692,1,0,1171,979
clean,optical,0,0.8,Coniferous forest,1193,0.6691729323308271,0.8952221290863369,0.7658659017569022,0.8577132044461435,1068,528,125,430
clean,optical,0,0.8,Inland waters,379,0.169238683127572,0.8680738786279684,0.2832544123977615,0.15715882972837011,329,1615,50,157
clean,optical,0,0.8,"Land principally occupied by agriculture, with significant areas of natural vegetation",996,0.0,0.0,0.0,0.6790955587073944,0,0,996,1155
clean,optical,0,0.8,Marine waters,116,0.453125,1.0,0.6236559139784946,0.9999999999999998,116,140,0,1895
clean,optical,0,0.8,Mixed forest,1214,0.638692098092643,0.9654036243822076,0.7687766480813382,0.7818234170920657,1172,663,42,274
clean,optical,0,0.8,Pastures,916,0.0,0.0,0.0,0.6672474602418498,0,0,916,1235
clean,optical,0,0.8,"Transitional woodland, shrub",885,0.0,0.0,0.0,0.5116662065729168,0,0,885,1266
clean,optical,0,0.8,Urban fabric,265,0.6666666666666666,0.007547169811320755,0.014925373134328358,0.3802279719756722,2,1,263,1885
clean,optical,0,1.0,Arable land,883,0.0,0.0,0.0,0.4105067410506741,0,0,883,1268
clean,optical,0,1.0,Broad-leaved forest,511,0.0,0.0,0.0,0.23756392375639238,0,0,511,1640
clean,optical,0,1.0,Complex cultivation patterns,1172,0.0,0.0,0.0,0.5448628544862855,0,0,1172,979
clean,optical,0,1.0,Coniferous forest,1193,0.0,0.0,0.0,0.5546257554625755,0,0,1193,958
clean,optical,0,1.0,Inland waters,379,0.0,0.0,0.0,0.17619711761971177,0,0,379,1772
clean,optical,0,1.0,"Land principally occupied by agriculture, with significant areas of natural vegetation",996,0.0,0.0,0.0,0.4630404463040446,0,0,996,1155
clean,optical,0,1.0,Marine waters,116,0.05392840539284054,1.0,0.1023378914865461,0.05392840539284054,116,2035,0,0
clean,optical,0,1.0,Mixed forest,1214,0.0,0.0,0.0,0.5643886564388656,0,0,1214,937
clean,optical,0,1.0,Pastures,916,0.0,0.0,0.0,0.4258484425848443,0,0,916,1235
clean,optical,0,1.0,"Transitional woodland, shrub",885,0.0,0.0,0.0,0.41143654114365413,0,0,885,1266
clean,optical,0,1.0,Urban fabric,265,0.0,0.0,0.0,0.12319851231985124,0,0,265,1886
clean,fusion,0,0.0,Arable land,883,0.7821901323706378,0.7361268403171007,0.7584597432905484,0.849002411826488,650,181,233,1087
clean,fusion,0,0.0,Broad-leaved forest,511,0.5304878048780488,0.3405088062622309,0.41477949940405245,0.4999090105716736,174,154,337,1486
clean,fusion,0,0.0,Complex cultivation patterns,1172,0.7328671328671329,0.89419795221843,0.8055342044581092,0.8467715562062827,1048,382,124,597
clean,fusion,0,0.0,Coniferous forest,1193,0.8763345195729537,0.8256496227996647,0.8502373759171342,0.9413473544896698,985,139,208,819
clean,fusion,0,0.0,Inland waters,379,0.7753164556962026,0.6464379947229552,0.7050359712230215,0.7565952552159136,245,71,134,1701
clean,fusion,0,0.0,"Land principally occupied by agriculture, with significant areas of natural vegetation",996,0.6672283066554339,0.7951807228915663,0.7256069628950985,0.7703828105210306,792,395,204,760
clean,fusion,0,0.0,Marine waters,116,0.8467153284671532,1.0,0.9169960474308301,0.9999999999999999,116,21,0,2014
clean,fusion,0,0.0,Mixed forest,1214,0.7085526315789473,0.8871499176276771,0.7878566203365033,0.818944885433621,1077,443,137,494
clean,fusion,0,0.0,Pastures,916,0.7015503875968992,0.5927947598253275,0.642603550295858,0.7530366682723397,543,231,373,1004
clean,fusion,0,0.0,"Transitional woodland, shrub",885,0.7203065134099617,0.21242937853107344,0.32809773123909247,0.592573381519035,188,73,697,1193
clean,fusion,0,0.0,Urban fabric,265,0.7196969696969697,0.3584905660377358,0.47858942065491183,0.5531233137563756,95,37,170,1849
clean,fusion,0,0.2,Arable land,883,0.7316062176165803,0.7995469988674971,0.7640692640692641,0.8353487990223545,706,259,177,1009
clean,fusion,0,0.2,Broad-leaved forest,511,0.616580310880829,0.2328767123287671,0.3380681818181818,0.5073675472918485,119,74,392,1566
clean,fusion,0,0.2,Complex cultivation patterns,1172,0.7328671328671329,0.89419795221843,0.8055342044581092,0.8393324417940351,1048,382,124,597
clean,fusion,0,0.2,Coniferous forest,1193,0.7860768672951414,0.9086336965632859,0.8429237947122862,0.93128252319112,1084,295,109,663
clean,fusion,0,0.2,Inland waters,379,0.7112860892388452,0.7150395778364116,0.7131578947368421,0.7168641396558085,271,110,108,1662
clean,fusion,0,0.2,"Land principally occupied by agriculture, with significant areas of natural vegetation",996,0.6838301716350497,0.7600401606425703,0.719923918212078,0.7700287511929782,757,350,239,805
clean,fusion,0,0.2,Marine waters,116,0.8467153284671532,1.0,0.9169960474308301,0.9999999999999997,116,21,0,2014
clean,fusion,0,0.2,Mixed forest,1214,0.6810293237582286,0.9373970345963756,0.7889081455805893,0.8200702108784581,1138,533,76,404
clean,fusion,0,0.2,Pastures,916,0.7411971830985915,0.4596069868995633,0.5673854447439353,0.7445870456967041,421,147,495,1088
clean,fusion,0,0.2,"Transitional woodland, shrub",885,0.6982758620689655,0.18305084745762712,0.2900626678603402,0.5857848311947167,162,70,723,1196
clean,fusion,0,0.2,Urban fabric,265,0.7131147540983607,0.3283018867924528,0.4496124031007752,0.5369636003300924,87,35,178,1851
clean,fusion,0,0.4,Arable land,883,0.6844106463878327,0.8154020385050963,0.7441860465116279,0.825835423953642,720,332,163,936
clean,fusion,0,0.4,Broad-leaved forest,511,0.6915887850467289,0.14481409001956946,0.23948220064724918,0.4978788658236037,74,33,437,1607
clean,fusion,0,0.4,Complex cultivation patterns,1172,0.7125340599455041,0.8924914675767918,0.7924242424242425,0.8379030316630219,1046,422,126,557
clean,fusion,0,0.4,Coniferous forest,1193,0.6784431137724551,0.9497066219614417,0.7914774711840726,0.9198515942511413,1133,537,60,421
clean,fusion,0,0.4,Inland waters,379,0.6940298507462687,0.7361477572559367,0.7144686299615877,0.6919952439762885,279,123,100,1649
clean,fusion,0,0.4,"Land principally occupied by agriculture, with significant areas of natural vegetation",996,0.7020057306590258,0.7379518072289156,0.7195301027900147,0.764267122850361,735,312,261,843
clean,fusion,0,0.4,Marine waters,116,0.8405797101449275,1.0,0.9133858267716536,0.9999999999999997,116,22,0,2013
clean,fusion,0,0.4,Mixed forest,1214,0.6512276785714286,0.9612850082372323,0.7764471057884231,0.8140761453879567,1167,625,47,312
clean,fusion,0,0.4,Pastures,916,0.7917620137299771,0.3777292576419214,0.5114560236511456,0.7400624061284403,346,91,570,1144
clean,fusion,0,0.4,"Transitional woodland, shrub",885,0.6619047619047619,0.15706214689265538,0.25388127853881276,0.5767772717425674,139,71,746,1195
clean,fusion,0,0.4,Urban fabric,265,0.7339449541284404,0.3018867924528302,0.42780748663101603,0.5196318024961007,80,29,185,1857
clean,fusion,0,0.6,Arable land,883,0.631891433418151,0.8437146092865232,0.7225994180407371,0.8155295818091881,745,434,138,834
clean,fusion,0,0.6,Broad-leaved forest,511,0.7317073170731707,0.05870841487279843,0.10869565217391304,0.48365475867904695,30,11,481,1629
clean,fusion,0,0.6,Complex cultivation patterns,1172,0.7093333333333334,0.9078498293515358,0.7964071856287425,0.8265838128198377,1064,436,108,543
clean,fusion,0,0.6,Coniferous forest,1193,0.6141649048625792,0.9740150880134115,0.753322528363047,0.90410758105341,1162,730,31,228
clean,fusion,0,0.6,Inland waters,379,0.6714975845410628,0.7335092348284961,0.7011349306431274,0.6867025651694626,278,136,101,1636
clean,fusion,0,0.6,"Land principally occupied by agriculture, with significant areas of natural vegetation",996,0.7061909758656874,0.6757028112449799,0.6906105695228322,0.7559694022861086,673,280,323,875
clean,fusion,0,0.6,Marine waters,116,0.8345323741007195,1.0,0.9098039215686274,0.9999999999999997,116,23,0,2012
clean,fusion,0,0.6,Mixed forest,1214,0.6210916799152093,0.9654036243822076,0.7558851983231216,0.797013343786424,1172,715,42,222
clean,fusion,0,0.6,Pastures,916,0.8461538461538461,0.24017467248908297,0.3741496598639456,0.720209416602348,220,40,696,1195
clean,fusion,0,0.6,"Transitional woodland, shrub",885,0.6981132075471698,0.12542372881355932,0.21264367816091953,0.5765121690942983,111,48,774,1218
clean,fusion,0,0.6,Urban fabric,265,0.7047619047619048,0.2792452830188679,0.4,0.48748040652065233,74,31,191,1855
clean,fusion,0,0.8,Arable land,883,0.5706845238095238,0.8686296715741789,0.688819039066008,0.7485745284029202,767,577,116,691
clean,fusion,0,0.8,Broad-leaved forest,511,0.0,0.0,0.0,0.4535305538212432,0,0,511,1640
clean,fusion,0,0.8,Complex cultivation patterns,1172,0.6775203506574827,0.9232081911262798,0.7815095702419647,0.8099455675038719,1082,515,90,464
clean,fusion,0,0.8,Coniferous forest,1193,0.6021784232365145,0.9731768650461022,0.743992310157001,0.8866274507538046,1161,767,32,191
clean,fusion,0,0.8,Inland waters,379,0.6781326781326781,0.7282321899736148,0.7022900763358778,0.6809872119944382,276,131,103,1641
clean,fusion,0,0.8,"Land principally occupied by agriculture, with significant areas of natural vegetation",996,0.708904109589041,0.6234939759036144,0.6634615384615384,0.740359399764711,621,255,375,900
clean,fusion,0,0.8,Marine waters,116,0.8055555555555556,1.0,0.8923076923076924,0.9999999999999997,116,28,0,2007
clean,fusion,0,0.8,Mixed forest,1214,0.6131879543094496,0.9728171334431631,0.7522292993630574,0.7852576290082702,1181,745,33,192
clean,fusion,0,0.8,Pastures,916,0.8913043478260869,0.08951965065502183,0.1626984126984127,0.6980294868440807,82,10,834,1225
clean,fusion,0,0.8,"Transitional woodland, shrub",885,0.7567567567567568,0.031638418079096044,0.06073752711496746,0.5654345256115796,28,9,857,1257
clean,fusion,0,0.8,Urban fabric,265,0.6702127659574468,0.23773584905660378,0.35097493036211697,0.4477625636207824,63,31,202,1855
clean,fusion,0,1.0,Arable land,883,0.8235294117647058,0.015855039637599093,0.03111111111111111,0.6535762382850183,14,3,869,1265
clean,fusion,0,1.0,Broad-leaved forest,511,0.0,0.0,0.0,0.4136967727918742,0,0,511,1640
clean,fusion,0,1.0,Complex cultivation patterns,1172,0.8400673400673401,0.4257679180887372,0.565118912797282,0.8156211197130685,499,95,673,884
clean,fusion,0,1.0,Coniferous forest,1193,0.6204419889502762,0.9413243922883487,0.7479187479187479,0.8523486183462341,1123,687,70,271
clean,fusion,0,1.0,Inland waters,379,0.7768595041322314,0.49604221635883905,0.605475040257649,0.7195797014930241,188,54,191,1718
clean,fusion,0,1.0,"Land principally occupied by agriculture, with significant areas of natural vegetation",996,0.9,0.02710843373493976,0.05263157894736842,0.7049327682171342,27,3,969,1152
clean,fusion,0,1.0,Marine waters,116,0.7388535031847133,1.0,0.8498168498168498,0.9999999999999997,116,41,0,1994
clean,fusion,0,1.0,Mixed forest,1214,0.6952908587257618,0.8270181219110379,0.7554552294958615,0.7744983164090244,1004,440,210,497
clean,fusion,0,1.0,Pastures,916,0.0,0.0,0.0,0.6200506695005993,0,0,916,1235
clean,fusion,0,1.0,"Transitional woodland, shrub",885,0.8,0.013559322033898305,0.02666666666666667,0.5436049362850401,12,3,873,1263
clean,fusion,0,1.0,Urban fabric,265,0.2809917355371901,0.6415094339622641,0.39080459770114945,0.468321637412422,170,435,95,1451
clean,fusion_shuf,0,0.0,Arable land,883,0.7121364092276831,0.8040770101925255,0.7553191489361702,0.8381796495968559,710,287,173,981
clean,fusion_shuf,0,0.0,Broad-leaved forest,511,0.49606299212598426,0.3698630136986301,0.42376681614349776,0.4774433837634061,189,192,322,1448
clean,fusion_shuf,0,0.0,Complex cultivation patterns,1172,0.7383638928067701,0.893344709897611,0.8084942084942085,0.8576858202952278,1047,371,125,608
clean,fusion_shuf,0,0.0,Coniferous forest,1193,0.8564981949458483,0.7954735959765298,0.8248587570621468,0.9285208483198001,949,159,244,799
clean,fusion_shuf,0,0.0,Inland waters,379,0.9378238341968912,0.47757255936675463,0.6328671328671329,0.8135724044217172,181,12,198,1760
clean,fusion_shuf,0,0.0,"Land principally occupied by agriculture, with significant areas of natural vegetation",996,0.6434583014537107,0.8443775100401606,0.7303517151541468,0.7690870041550322,841,466,155,689
clean,fusion_shuf,0,0.0,Marine waters,116,0.95,0.9827586206896551,0.9661016949152542,0.9955518648799244,114,6,2,2029
clean,fusion_shuf,0,0.0,Mixed forest,1214,0.7357197258187357,0.7957166392092258,0.7645429362880887,0.8140869282302414,966,347,248,590
clean,fusion_shuf,0,0.0,Pastures,916,0.6984536082474226,0.5917030567685589,0.640661938534279,0.7287777720633257,542,234,374,1001
clean,fusion_shuf,0,0.0,"Transitional woodland, shrub",885,0.5559380378657487,0.3649717514124294,0.4406548431105048,0.5406250936364119,323,258,562,1008
clean,fusion_shuf,0,0.0,Urban fabric,265,0.5895953757225434,0.3849056603773585,0.4657534246575342,0.513046998946543,102,71,163,1815
clean,fusion_shuf,0,0.2,Arable land,883,0.6868978805394991,0.8074745186862967,0.7423217074440396,0.8256267869546112,713,325,170,943
clean,fusion_shuf,0,0.2,Broad-leaved forest,511,0.5979899497487438,0.2328767123287671,0.3352112676056338,0.47159095631564013,119,80,392,1560
clean,fusion_shuf,0,0.2,Complex cultivation patterns,1172,0.6664677804295943,0.9530716723549488,0.7844101123595506,0.8321376532540934,1117,559,55,420
clean,fusion_shuf,0,0.2,Coniferous forest,1193,0.7733433734939759,0.8608549874266554,0.8147560491868306,0.9140290951393346,1027,301,166,657
clean,fusion_shuf,0,0.2,Inland waters,379,0.19621749408983452,0.8759894459102903,0.32061805890873973,0.4028201357849685,332,1360,47,412
clean,fusion_shuf,0,0.2,"Land principally occupied by agriculture, with significant areas of natural vegetation",996,0.5913272010512484,0.9036144578313253,0.7148530579825259,0.7660538420369698,900,622,96,533
clean,fusion_shuf,0,0.2,Marine waters,116,0.9557522123893806,0.9310344827586207,0.9432314410480349,0.9947687085267279,108,5,8,2030
clean,fusion_shuf,0,0.2,Mixed forest,1214,0.7204836415362731,0.8344316309719935,0.7732824427480917,0.815201577959834,1013,393,201,544
clean,fusion_shuf,0,0.2,Pastures,916,0.8138297872340425,0.33406113537117904,0.47368421052631576,0.7166718575983235,306,70,610,1165
clean,fusion_shuf,0,0.2,"Transitional woodland, shrub",885,0.6338028169014085,0.05084745762711865,0.09414225941422594,0.5506693420315926,45,26,840,1240
clean,fusion_shuf,0,0.2,Urban fabric,265,0.4551083591331269,0.5547169811320755,0.5,0.5294170768267628,147,176,118,1710
clean,fusion_shuf,0,0.4,Arable land,883,0.7040816326530612,0.7814269535673839,0.7407407407407407,0.8166016094582733,690,290,193,978
clean,fusion_shuf,0,0.4,Broad-leaved forest,511,0.6901408450704225,0.0958904109589041,0.16838487972508592,0.45032468899792,49,22,462,1618
clean,fusion_shuf,0,0.4,Complex cultivation patterns,1172,0.6687078995713411,0.931740614334471,0.7786096256684492,0.8217674591477642,1092,541,80,438
clean,fusion_shuf,0,0.4,Coniferous forest,1193,0.7050067658998647,0.8734283319362951,0.7802321228004493,0.8977215977948606,1042,436,151,522
clean,fusion_shuf,0,0.4,Inland waters,379,0.18605927552140505,0.8944591029023746,0.30804179918218993,0.21150557274463366,339,1483,40,289
clean,fusion_shuf,0,0.4,"Land principally occupied by agriculture, with significant areas of natural vegetation",996,0.6091370558375635,0.8433734939759037,0.7073684210526315,0.743405912182556,840,539,156,616
clean,fusion_shuf,0,0.4,Marine waters,116,0.9145299145299145,0.9224137931034483,0.9184549356223176,0.9893792709899432,107,10,9,2025
clean,fusion_shuf,0,0.4,Mixed forest,1214,0.6991327551701134,0.8632619439868204,0.7725764835974935,0.7992163036310038,1048,451,166,486
clean,fusion_shuf,0,0.4,Pastures,916,0.926829268292683,0.04148471615720524,0.0794148380355277,0.6776987730819523,38,3,878,1232
clean,fusion_shuf,0,0.4,"Transitional woodland, shrub",885,0.5,0.0011299435028248588,0.002254791431792559,0.5352545747470776,1,1,884,1265
clean,fusion_shuf,0,0.4,Urban fabric,265,0.4525993883792049,0.5584905660377358,0.5,0.513194752220177,148,179,117,1707
clean,fusion_shuf,0,0.6,Arable land,883,0.7254196642685852,0.6851642129105323,0.704717530576587,0.7992399818701311,605,229,278,1039
clean,fusion_shuf,0,0.6,Broad-leaved forest,511,0.6666666666666666,0.003913894324853229,0.007782101167315175,0.4068640806271379,2,1,509,1639
clean,fusion_shuf,0,0.6,Complex cultivation patterns,1172,0.7194533762057878,0.7636518771331058,0.7408940397350994,0.7836557174241953,895,349,277,630
clean,fusion_shuf,0,0.6,Coniferous forest,1193,0.6242707117852976,0.8968985750209556,0.7361541107671139,0.874249676163876,1070,644,123,314
clean,fusion_shuf,0,0.6,Inland waters,379,0.18136986301369862,0.8733509234828496,0.3003629764065336,0.1731324201296333,331,1494,48,278
clean,fusion_shuf,0,0.6,"Land principally occupied by agriculture, with significant areas of natural vegetation",996,0.6893840104849279,0.5281124497991968,0.5980670835702103,0.7061494941581237,526,237,470,918
clean,fusion_shuf,0,0.6,Marine waters,116,0.8359375,0.9224137931034483,0.8770491803278688,0.9744173199165532,107,21,9,2014
clean,fusion_shuf,0,0.6,Mixed forest,1214,0.6718075262183837,0.8970345963756178,0.7682539682539683,0.7597284764993067,1089,532,125,405
clean,fusion_shuf,0,0.6,Pastures,916,0.0,0.0,0.0,0.6039977263400281,0,0,916,1235
clean,fusion_shuf,0,0.6,"Transitional woodland, shrub",885,0.0,0.0,0.0,0.5308961233132843,0,0,885,1266
clean,fusion_shuf,0,0.6,Urban fabric,265,0.41776315789473684,0.47924528301886793,0.44639718804920914,0.4468053083198669,127,177,138,1709
clean,fusion_shuf,0,0.8,Arable land,883,0.7944444444444444,0.16194790486976218,0.26904985888993416,0.6747550448608515,143,37,740,1231
clean,fusion_shuf,0,0.8,Broad-leaved forest,511,0.0,0.0,0.0,0.29445335565136244,0,0,511,1640
clean,fusion_shuf,0,0.8,Complex cultivation patterns,1172,0.6094420600858369,0.12116040955631399,0.20213523131672598,0.6782726865622171,142,91,1030,888
clean,fusion_shuf,0,0.8,Coniferous forest,1193,0.5893347993402969,0.8985750209555742,0.7118193891102258,0.8337664140716883,1072,747,121,211
clean,fusion_shuf,0,0.8,Inland waters,379,0.164407778432528,0.7361477572559367,0.26878612716763006,0.16282527590349094,279,1418,100,354
clean,fusion_shuf,0,0.8,"Land principally occupied by agriculture, with significant areas of natural vegetation",996,0.5714285714285714,0.012048192771084338,0.02359882005899705,0.572958960974632,12,9,984,1146
clean,fusion_shuf,0,0.8,Marine waters,116,0.2049808429118774,0.9224137931034483,0.335423197492163,0.9042344711974719,107,415,9,1620
clean,fusion_shuf,0,0.8,Mixed forest,1214,0.6647286821705426,0.8476112026359144,0.7451122375090514,0.7385883693800767,1029,519,185,418
clean,fusion_shuf,0,0.8,Pastures,916,0.0,0.0,0.0,0.5392940154011143,0,0,916,1235
clean,fusion_shuf,0,0.8,"Transitional woodland, shrub",885,0.0,0.0,0.0,0.49332597244493903,0,0,885,1266
clean,fusion_shuf,0,0.8,Urban fabric,265,0.5402298850574713,0.17735849056603772,0.26704545454545453,0.33873606514169596,47,40,218,1846
clean,fusion_shuf,0,1.0,Arable land,883,0.0,0.0,0.0,0.42859986135841655,0,0,883,1268
clean,fusion_shuf,0,1.0,Broad-leaved forest,511,0.0,0.0,0.0,0.22976444384978115,0,0,511,1640
clean,fusion_shuf,0,1.0,Complex cultivation patterns,1172,1.0,0.002559726962457338,0.005106382978723404,0.5428252691636671,3,0,1169,979
clean,fusion_shuf,0,1.0,Coniferous forest,1193,0.0,0.0,0.0,0.5749432175601839,0,0,1193,958
clean,fusion_shuf,0,1.0,Inland waters,379,0.0,0.0,0.0,0.1811573894535723,0,0,379,1772
clean,fusion_shuf,0,1.0,"Land principally occupied by agriculture, with significant areas of natural vegetation",996,0.0,0.0,0.0,0.46019654105760277,0,0,996,1155
clean,fusion_shuf,0,1.0,Marine waters,116,0.0524987380111055,0.896551724137931,0.09918931807343824,0.05402150288214059,104,1877,12,158
clean,fusion_shuf,0,1.0,Mixed forest,1214,0.0,0.0,0.0,0.5666728395973815,0,0,1214,937
clean,fusion_shuf,0,1.0,Pastures,916,0.0,0.0,0.0,0.4171975119197849,0,0,916,1235
clean,fusion_shuf,0,1.0,"Transitional woodland, shrub",885,0.0,0.0,0.0,0.41001700615023096,0,0,885,1266
clean,fusion_shuf,0,1.0,Urban fabric,265,0.0,0.0,0.0,0.12774753960735485,0,0,265,1886
clean,sar,0,0.0,Arable land,883,0.6350093109869647,0.7723669309173273,0.6969851814001022,0.7041813160956333,682,392,201,876
clean,sar,0,0.0,Broad-leaved forest,511,0.48704663212435234,0.18395303326810175,0.26704545454545453,0.4201071555213777,94,99,417,1541
clean,sar,0,0.0,Complex cultivation patterns,1172,0.7259887005649718,0.8771331058020477,0.794435857805255,0.8273871105626165,1028,388,144,591
clean,sar,0,0.0,Coniferous forest,1193,0.8302411873840445,0.7502095557418273,0.7881990312637605,0.9005311506377482,895,183,298,775
clean,sar,0,0.0,Inland waters,379,0.7761627906976745,0.7044854881266491,0.7385892116182573,0.7890829215248413,267,77,112,1695
clean,sar,0,0.0,"Land principally occupied by agriculture, with significant areas of natural vegetation",996,0.6629778672032193,0.6616465863453815,0.6623115577889447,0.6917150612341623,659,335,337,820
clean,sar,0,0.0,Marine waters,116,0.943089430894309,1.0,0.9707112970711297,0.9999999999999998,116,7,0,2028
clean,sar,0,0.0,Mixed forest,1214,0.7131445170660857,0.8088962108731467,0.7580084909301428,0.7975941105343733,982,395,232,542
clean,sar,0,0.0,Pastures,916,0.6870748299319728,0.2205240174672489,0.3338842975206612,0.6485982296945673,202,92,714,1143
clean,sar,0,0.0,"Transitional woodland, shrub",885,0.5784883720930233,0.2248587570621469,0.32384052074857606,0.5337057458494016,199,145,686,1121
clean,sar,0,0.0,Urban fabric,265,0.7123287671232876,0.19622641509433963,0.3076923076923077,0.4511408014444886,52,21,213,1865
clean,sar,0,0.2,Arable land,883,0.6350093109869647,0.7723669309173273,0.6969851814001022,0.7041813160956333,682,392,201,876
clean,sar,0,0.2,Broad-leaved forest,511,0.48704663212435234,0.18395303326810175,0.26704545454545453,0.4201071555213777,94,99,417,1541
clean,sar,0,0.2,Complex cultivation patterns,1172,0.7259887005649718,0.8771331058020477,0.794435857805255,0.8273871105626165,1028,388,144,591
clean,sar,0,0.2,Coniferous forest,1193,0.8302411873840445,0.7502095557418273,0.7881990312637605,0.9005311506377482,895,183,298,775
clean,sar,0,0.2,Inland waters,379,0.7761627906976745,0.7044854881266491,0.7385892116182573,0.7890829215248413,267,77,112,1695
clean,sar,0,0.2,"Land principally occupied by agriculture, with significant areas of natural vegetation",996,0.6629778672032193,0.6616465863453815,0.6623115577889447,0.6917150612341623,659,335,337,820
clean,sar,0,0.2,Marine waters,116,0.943089430894309,1.0,0.9707112970711297,0.9999999999999998,116,7,0,2028
clean,sar,0,0.2,Mixed forest,1214,0.7131445170660857,0.8088962108731467,0.7580084909301428,0.7975941105343733,982,395,232,542
clean,sar,0,0.2,Pastures,916,0.6870748299319728,0.2205240174672489,0.3338842975206612,0.6485982296945673,202,92,714,1143
clean,sar,0,0.2,"Transitional woodland, shrub",885,0.5784883720930233,0.2248587570621469,0.32384052074857606,0.5337057458494016,199,145,686,1121
clean,sar,0,0.2,Urban fabric,265,0.7123287671232876,0.19622641509433963,0.3076923076923077,0.4511408014444886,52,21,213,1865
clean,sar,0,0.4,Arable land,883,0.6350093109869647,0.7723669309173273,0.6969851814001022,0.7041813160956333,682,392,201,876
clean,sar,0,0.4,Broad-leaved forest,511,0.48704663212435234,0.18395303326810175,0.26704545454545453,0.4201071555213777,94,99,417,1541
clean,sar,0,0.4,Complex cultivation patterns,1172,0.7259887005649718,0.8771331058020477,0.794435857805255,0.8273871105626165,1028,388,144,591
clean,sar,0,0.4,Coniferous forest,1193,0.8302411873840445,0.7502095557418273,0.7881990312637605,0.9005311506377482,895,183,298,775
clean,sar,0,0.4,Inland waters,379,0.7761627906976745,0.7044854881266491,0.7385892116182573,0.7890829215248413,267,77,112,1695
clean,sar,0,0.4,"Land principally occupied by agriculture, with significant areas of natural vegetation",996,0.6629778672032193,0.6616465863453815,0.6623115577889447,0.6917150612341623,659,335,337,820
clean,sar,0,0.4,Marine waters,116,0.943089430894309,1.0,0.9707112970711297,0.9999999999999998,116,7,0,2028
clean,sar,0,0.4,Mixed forest,1214,0.7131445170660857,0.8088962108731467,0.7580084909301428,0.7975941105343733,982,395,232,542
clean,sar,0,0.4,Pastures,916,0.6870748299319728,0.2205240174672489,0.3338842975206612,0.6485982296945673,202,92,714,1143
clean,sar,0,0.4,"Transitional woodland, shrub",885,0.5784883720930233,0.2248587570621469,0.32384052074857606,0.5337057458494016,199,145,686,1121
clean,sar,0,0.4,Urban fabric,265,0.7123287671232876,0.19622641509433963,0.3076923076923077,0.4511408014444886,52,21,213,1865
clean,sar,0,0.6,Arable land,883,0.6350093109869647,0.7723669309173273,0.6969851814001022,0.7041813160956333,682,392,201,876
clean,sar,0,0.6,Broad-leaved forest,511,0.48704663212435234,0.18395303326810175,0.26704545454545453,0.4201071555213777,94,99,417,1541
clean,sar,0,0.6,Complex cultivation patterns,1172,0.7259887005649718,0.8771331058020477,0.794435857805255,0.8273871105626165,1028,388,144,591
clean,sar,0,0.6,Coniferous forest,1193,0.8302411873840445,0.7502095557418273,0.7881990312637605,0.9005311506377482,895,183,298,775
clean,sar,0,0.6,Inland waters,379,0.7761627906976745,0.7044854881266491,0.7385892116182573,0.7890829215248413,267,77,112,1695
clean,sar,0,0.6,"Land principally occupied by agriculture, with significant areas of natural vegetation",996,0.6629778672032193,0.6616465863453815,0.6623115577889447,0.6917150612341623,659,335,337,820
clean,sar,0,0.6,Marine waters,116,0.943089430894309,1.0,0.9707112970711297,0.9999999999999998,116,7,0,2028
clean,sar,0,0.6,Mixed forest,1214,0.7131445170660857,0.8088962108731467,0.7580084909301428,0.7975941105343733,982,395,232,542
clean,sar,0,0.6,Pastures,916,0.6870748299319728,0.2205240174672489,0.3338842975206612,0.6485982296945673,202,92,714,1143
clean,sar,0,0.6,"Transitional woodland, shrub",885,0.5784883720930233,0.2248587570621469,0.32384052074857606,0.5337057458494016,199,145,686,1121
clean,sar,0,0.6,Urban fabric,265,0.7123287671232876,0.19622641509433963,0.3076923076923077,0.4511408014444886,52,21,213,1865
clean,sar,0,0.8,Arable land,883,0.6350093109869647,0.7723669309173273,0.6969851814001022,0.7041813160956333,682,392,201,876
clean,sar,0,0.8,Broad-leaved forest,511,0.48704663212435234,0.18395303326810175,0.26704545454545453,0.4201071555213777,94,99,417,1541
clean,sar,0,0.8,Complex cultivation patterns,1172,0.7259887005649718,0.8771331058020477,0.794435857805255,0.8273871105626165,1028,388,144,591
clean,sar,0,0.8,Coniferous forest,1193,0.8302411873840445,0.7502095557418273,0.7881990312637605,0.9005311506377482,895,183,298,775
clean,sar,0,0.8,Inland waters,379,0.7761627906976745,0.7044854881266491,0.7385892116182573,0.7890829215248413,267,77,112,1695
clean,sar,0,0.8,"Land principally occupied by agriculture, with significant areas of natural vegetation",996,0.6629778672032193,0.6616465863453815,0.6623115577889447,0.6917150612341623,659,335,337,820
clean,sar,0,0.8,Marine waters,116,0.943089430894309,1.0,0.9707112970711297,0.9999999999999998,116,7,0,2028
clean,sar,0,0.8,Mixed forest,1214,0.7131445170660857,0.8088962108731467,0.7580084909301428,0.7975941105343733,982,395,232,542
clean,sar,0,0.8,Pastures,916,0.6870748299319728,0.2205240174672489,0.3338842975206612,0.6485982296945673,202,92,714,1143
clean,sar,0,0.8,"Transitional woodland, shrub",885,0.5784883720930233,0.2248587570621469,0.32384052074857606,0.5337057458494016,199,145,686,1121
clean,sar,0,0.8,Urban fabric,265,0.7123287671232876,0.19622641509433963,0.3076923076923077,0.4511408014444886,52,21,213,1865
clean,sar,0,1.0,Arable land,883,0.6350093109869647,0.7723669309173273,0.6969851814001022,0.7041813160956333,682,392,201,876
clean,sar,0,1.0,Broad-leaved forest,511,0.48704663212435234,0.18395303326810175,0.26704545454545453,0.4201071555213777,94,99,417,1541
clean,sar,0,1.0,Complex cultivation patterns,1172,0.7259887005649718,0.8771331058020477,0.794435857805255,0.8273871105626165,1028,388,144,591
clean,sar,0,1.0,Coniferous forest,1193,0.8302411873840445,0.7502095557418273,0.7881990312637605,0.9005311506377482,895,183,298,775
clean,sar,0,1.0,Inland waters,379,0.7761627906976745,0.7044854881266491,0.7385892116182573,0.7890829215248413,267,77,112,1695
clean,sar,0,1.0,"Land principally occupied by agriculture, with significant areas of natural vegetation",996,0.6629778672032193,0.6616465863453815,0.6623115577889447,0.6917150612341623,659,335,337,820
clean,sar,0,1.0,Marine waters,116,0.943089430894309,1.0,0.9707112970711297,0.9999999999999998,116,7,0,2028
clean,sar,0,1.0,Mixed forest,1214,0.7131445170660857,0.8088962108731467,0.7580084909301428,0.7975941105343733,982,395,232,542
clean,sar,0,1.0,Pastures,916,0.6870748299319728,0.2205240174672489,0.3338842975206612,0.6485982296945673,202,92,714,1143
clean,sar,0,1.0,"Transitional woodland, shrub",885,0.5784883720930233,0.2248587570621469,0.32384052074857606,0.5337057458494016,199,145,686,1121
clean,sar,0,1.0,Urban fabric,265,0.7123287671232876,0.19622641509433963,0.3076923076923077,0.4511408014444886,52,21,213,1865
degraded,optical,0,0.0,Arable land,883,0.7755102040816326,0.7746319365798414,0.775070821529745,0.8635169964801132,684,198,199,1070
degraded,optical,0,0.0,Broad-leaved forest,511,0.5057736720554272,0.42857142857142855,0.4639830508474576,0.5328666601621211,219,214,292,1426
degraded,optical,0,0.0,Complex cultivation patterns,1172,0.7611510791366907,0.9027303754266212,0.8259172521467604,0.8658121617481291,1058,332,114,647
degraded,optical,0,0.0,Coniferous forest,1193,0.8967441860465116,0.8080469404861693,0.8500881834215167,0.9462979735074623,964,111,229,847
degraded,optical,0,0.0,Inland waters,379,0.9182389937106918,0.38522427440633245,0.5427509293680297,0.7464074090396472,146,13,233,1759
degraded,optical,0,0.0,"Land principally occupied by agriculture, with significant areas of natural vegetation",996,0.7061032863849765,0.7550200803212851,0.7297428432799612,0.7889575478810286,752,313,244,842
degraded,optical,0,0.0,Marine waters,116,1.0,1.0,1.0,0.9999999999999997,116,0,0,2035
degraded,optical,0,0.0,Mixed forest,1214,0.7301136363636364,0.8467874794069192,0.7841342486651411,0.8468689905352648,1028,380,186,557
degraded,optical,0,0.0,Pastures,916,0.7194968553459119,0.6244541484716157,0.668614845119813,0.7746000926875424,572,223,344,1012
degraded,optical,0,0.0,"Transitional woodland, shrub",885,0.6160164271047228,0.3389830508474576,0.43731778425655976,0.5687703431079237,300,187,585,1079
degraded,optical,0,0.0,Urban fabric,265,0.625,0.41509433962264153,0.4988662131519274,0.5695666280310047,110,66,155,1820
degraded,optical,0,0.2,Arable land,883,0.7653631284916201,0.7757644394110985,0.7705286839145107,0.851473757383803,685,210,198,1058
degraded,optical,0,0.2,Broad-leaved forest,511,0.5176767676767676,0.40117416829745595,0.4520396912899669,0.5199865179738471,205,191,306,1449
degraded,optical,0,0.2,Complex cultivation patterns,1172,0.7687776141384389,0.8907849829351536,0.825296442687747,0.8583887116530391,1044,314,128,665
degraded,optical,0,0.2,Coniferous forest,1193,0.8780269058295964,0.8206202849958089,0.8483535528596187,0.9434719127954293,979,136,214,822
degraded,optical,0,0.2,Inland waters,379,0.8352941176470589,0.37467018469656993,0.517304189435337,0.6590181319321763,142,28,237,1744
degraded,optical,0,0.2,"Land principally occupied by agriculture, with significant areas of natural vegetation",996,0.7174129353233831,0.7238955823293173,0.7206396801599201,0.7828689572300745,721,284,275,871
degraded,optical,0,0.2,Marine waters,116,0.9914529914529915,1.0,0.9957081545064378,0.9999999999999998,116,1,0,2034
degraded,optical,0,0.2,Mixed forest,1214,0.7332848837209303,0.8311367380560132,0.7791505791505792,0.8494151717960442,1009,367,205,570
degraded,optical,0,0.2,Pastures,916,0.7245179063360881,0.574235807860262,0.6406820950060901,0.7621400707500448,526,200,390,1035
degraded,optical,0,0.2,"Transitional woodland, shrub",885,0.6309751434034416,0.3728813559322034,0.46875,0.5719725969451454,330,193,555,1073
degraded,optical,0,0.2,Urban fabric,265,0.6196319018404908,0.38113207547169814,0.4719626168224299,0.556626950607422,101,62,164,1824
degraded,optical,0,0.4,Arable land,883,0.749438202247191,0.7553793884484711,0.7523970671178793,0.8414024834394968,667,223,216,1045
degraded,optical,0,0.4,Broad-leaved forest,511,0.5087719298245614,0.3972602739726027,0.4461538461538462,0.5130232511456408,203,196,308,1444
degraded,optical,0,0.4,Complex cultivation patterns,1172,0.7585954645208486,0.8848122866894198,0.8168570303269004,0.8531130236924663,1037,330,135,649
degraded,optical,0,0.4,Coniferous forest,1193,0.8848987108655617,0.8055322715842415,0.8433523475208424,0.9373116480642179,961,125,232,833
degraded,optical,0,0.4,Inland waters,379,0.852760736196319,0.36675461741424803,0.5129151291512916,0.6520789517438308,139,24,240,1748
degraded,optical,0,0.4,"Land principally occupied by agriculture, with significant areas of natural vegetation",996,0.7093596059113301,0.7228915662650602,0.7160616608652411,0.7756949797313156,720,295,276,860
degraded,optical,0,0.4,Marine waters,116,0.9747899159663865,1.0,0.9872340425531915,0.9999999999999997,116,3,0,2032
degraded,optical,0,0.4,Mixed forest,1214,0.7286027798098025,0.8204283360790774,0.771793878341728,0.8409372294243946,996,371,218,566
degraded,optical,0,0.4,Pastures,916,0.7219973009446694,0.584061135371179,0.6457453228726614,0.7607836611459462,535,206,381,1029
degraded,optical,0,0.4,"Transitional woodland, shrub",885,0.5851063829787234,0.3728813559322034,0.4554865424430642,0.5656901556320044,330,234,555,1032
degraded,optical,0,0.4,Urban fabric,265,0.6301369863013698,0.3471698113207547,0.44768856447688565,0.5448237486283275,92,54,173,1832
degraded,optical,0,0.6,Arable land,883,0.7522935779816514,0.7429218573046432,0.7475783475783476,0.8266171127641269,656,216,227,1052
degraded,optical,0,0.6,Broad-leaved forest,511,0.503957783641161,0.37377690802348335,0.42921348314606744,0.4990636157978515,191,188,320,1452
degraded,optical,0,0.6,Complex cultivation patterns,1172,0.740990990990991,0.8421501706484642,0.7883386581469649,0.841961797497965,987,345,185,634
degraded,optical,0,0.6,Coniferous forest,1193,0.8690036900369004,0.7896060352053647,0.8274044795783926,0.9282001339984992,942,142,251,816
degraded,optical,0,0.6,Inland waters,379,0.8571428571428571,0.3324538258575198,0.4790874524714829,0.6363044752965725,126,21,253,1751
degraded,optical,0,0.6,"Land principally occupied by agriculture, with significant areas of natural vegetation",996,0.6922320550639135,0.7068273092369478,0.6994535519125683,0.7593894819019126,704,313,292,842
degraded,optical,0,0.6,Marine waters,116,0.9586776859504132,1.0,0.9789029535864979,0.9999999999999999,116,5,0,2030
degraded,optical,0,0.6,Mixed forest,1214,0.7301587301587301,0.7957166392092258,0.7615293653921955,0.8133775304423697,966,357,248,580
degraded,optical,0,0.6,Pastures,916,0.6937984496124031,0.5862445414847162,0.6355029585798817,0.7287753563488817,537,237,379,998
degraded,optical,0,0.6,"Transitional woodland, shrub",885,0.573109243697479,0.38531073446327685,0.4608108108108108,0.5621909214879186,341,254,544,1012
degraded,optical,0,0.6,Urban fabric,265,0.6347826086956522,0.27547169811320754,0.38421052631578945,0.49533122510176636,73,42,192,1844
degraded,optical,0,0.8,Arable land,883,0.6566077003121749,0.7146092865232163,0.6843817787418656,0.7627702798037841,631,330,252,938
degraded,optical,0,0.8,Broad-leaved forest,511,0.5077881619937694,0.31898238747553814,0.3918269230769231,0.4677841879722662,163,158,348,1482
degraded,optical,0,0.8,Complex cultivation patterns,1172,0.7075405214940098,0.856655290102389,0.7749903512157468,0.8151305411422654,1004,415,168,564
degraded,optical,0,0.8,Coniferous forest,1193,0.878391959798995,0.732606873428332,0.7989031078610603,0.906744247685037,874,121,319,837
degraded,optical,0,0.8,Inland waters,379,0.8581560283687943,0.31926121372031663,0.4653846153846154,0.5872738802648221,121,20,258,1752
degraded,optical,0,0.8,"Land principally occupied by agriculture, with significant areas of natural vegetation",996,0.6722113502935421,0.6897590361445783,0.6808721506442021,0.7287525251488991,687,335,309,820
degraded,optical,0,0.8,Marine waters,116,0.9354838709677419,1.0,0.9666666666666667,0.9999999999999997,116,8,0,2027
degraded,optical,0,0.8,Mixed forest,1214,0.728538283062645,0.7759472817133443,0.751495811727164,0.7972512903446196,942,351,272,586
degraded,optical,0,0.8,Pastures,916,0.6853625170998632,0.5469432314410481,0.6083788706739527,0.7137728373274601,501,230,415,1005
degraded,optical,0,0.8,"Transitional woodland, shrub",885,0.5845410628019324,0.1367231638418079,0.2216117216117216,0.5211845437202884,121,86,764,1180
degraded,optical,0,0.8,Urban fabric,265,0.5760869565217391,0.2,0.2969187675070028,0.3713643338061957,53,39,212,1847
degraded,optical,0,1.0,Arable land,883,0.0,0.0,0.0,0.4105067410506741,0,0,883,1268
degraded,optical,0,1.0,Broad-leaved forest,511,0.0,0.0,0.0,0.23756392375639238,0,0,511,1640
degraded,optical,0,1.0,Complex cultivation patterns,1172,0.0,0.0,0.0,0.5448628544862855,0,0,1172,979
degraded,optical,0,1.0,Coniferous forest,1193,0.0,0.0,0.0,0.5546257554625755,0,0,1193,958
degraded,optical,0,1.0,Inland waters,379,0.0,0.0,0.0,0.17619711761971177,0,0,379,1772
degraded,optical,0,1.0,"Land principally occupied by agriculture, with significant areas of natural vegetation",996,0.0,0.0,0.0,0.4630404463040446,0,0,996,1155
degraded,optical,0,1.0,Marine waters,116,0.05392840539284054,1.0,0.1023378914865461,0.05392840539284054,116,2035,0,0
degraded,optical,0,1.0,Mixed forest,1214,0.0,0.0,0.0,0.5643886564388656,0,0,1214,937
degraded,optical,0,1.0,Pastures,916,0.0,0.0,0.0,0.4258484425848443,0,0,916,1235
degraded,optical,0,1.0,"Transitional woodland, shrub",885,0.0,0.0,0.0,0.41143654114365413,0,0,885,1266
degraded,optical,0,1.0,Urban fabric,265,0.0,0.0,0.0,0.12319851231985124,0,0,265,1886
degraded,fusion,0,0.0,Arable land,883,0.7843866171003717,0.7168742921857305,0.749112426035503,0.8436189828174152,633,174,250,1094
degraded,fusion,0,0.0,Broad-leaved forest,511,0.5451505016722408,0.31898238747553814,0.4024691358024691,0.4824755126973134,163,136,348,1504
degraded,fusion,0,0.0,Complex cultivation patterns,1172,0.7324343506032647,0.8805460750853242,0.7996900426191399,0.833233718088583,1032,377,140,602
degraded,fusion,0,0.0,Coniferous forest,1193,0.8409658617818485,0.8466051969823973,0.8437761069340016,0.9356015664125515,1010,191,183,767
degraded,fusion,0,0.0,Inland waters,379,0.7597597597597597,0.6675461741424802,0.7106741573033708,0.7472700595033582,253,80,126,1692
degraded,fusion,0,0.0,"Land principally occupied by agriculture, with significant areas of natural vegetation",996,0.6426858513189448,0.8072289156626506,0.7156208277703605,0.7538162365173514,804,447,192,708
degraded,fusion,0,0.0,Marine waters,116,0.8,1.0,0.8888888888888888,0.9999999999999998,116,29,0,2006
degraded,fusion,0,0.0,Mixed forest,1214,0.6961465571699305,0.9077429983525536,0.7879871290668573,0.8228941556300919,1102,481,112,456
degraded,fusion,0,0.0,Pastures,916,0.6925207756232687,0.5458515283842795,0.6105006105006106,0.735317182690726,500,222,416,1013
degraded,fusion,0,0.0,"Transitional woodland, shrub",885,0.6090712742980562,0.31864406779661014,0.41839762611275966,0.5765164045353972,282,181,603,1085
degraded,fusion,0,0.0,Urban fabric,265,0.7666666666666667,0.26037735849056604,0.38873239436619716,0.5287919900652552,69,21,196,1865
degraded,fusion,0,0.2,Arable land,883,0.7694174757281553,0.7180067950169875,0.7428236672524897,0.83110406290055,634,190,249,1078
degraded,fusion,0,0.2,Broad-leaved forest,511,0.5551330798479087,0.2857142857142857,0.3772609819121447,0.4856170016304536,146,117,365,1523
degraded,fusion,0,0.2,Complex cultivation patterns,1172,0.7310984308131241,0.8745733788395904,0.7964257964257965,0.8289084282470763,1025,377,147,602
degraded,fusion,0,0.2,Coniferous forest,1193,0.8293683347005743,0.8474434199497066,0.8383084577114428,0.9330492846263823,1011,208,182,750
degraded,fusion,0,0.2,Inland waters,379,0.7567567567567568,0.6649076517150396,0.7078651685393258,0.7435463161369903,252,81,127,1691
degraded,fusion,0,0.2,"Land principally occupied by agriculture, with significant areas of natural vegetation",996,0.6536544850498339,0.7901606425702812,0.7154545454545455,0.7538025230702823,787,417,209,738
degraded,fusion,0,0.2,Marine waters,116,0.8055555555555556,1.0,0.8923076923076924,0.9999999999999997,116,28,0,2007
degraded,fusion,0,0.2,Mixed forest,1214,0.6993589743589743,0.8986820428336079,0.786589762076424,0.8273823999341987,1091,469,123,468
degraded,fusion,0,0.2,Pastures,916,0.6929824561403509,0.517467248908297,0.5925,0.7334010910487406,474,210,442,1025
degraded,fusion,0,0.2,"Transitional woodland, shrub",885,0.62877030162413,0.30621468926553674,0.41185410334346506,0.5758130616330002,271,160,614,1106
degraded,fusion,0,0.2,Urban fabric,265,0.7613636363636364,0.2528301886792453,0.37960339943342775,0.5240252389178892,67,21,198,1865
degraded,fusion,0,0.4,Arable land,883,0.7606837606837606,0.7055492638731596,0.7320799059929495,0.8230216376788643,623,196,260,1072
degraded,fusion,0,0.4,Broad-leaved forest,511,0.5437956204379562,0.29158512720156554,0.3796178343949045,0.485423606114207,149,125,362,1515
degraded,fusion,0,0.4,Complex cultivation patterns,1172,0.7282453637660485,0.871160409556314,0.7933177933177933,0.8306721270148802,1021,381,151,598
degraded,fusion,0,0.4,Coniferous forest,1193,0.8327787021630616,0.8390611902766136,0.8359081419624217,0.929145154686229,1001,201,192,757
degraded,fusion,0,0.4,Inland waters,379,0.7590361445783133,0.6649076517150396,0.7088607594936709,0.7422657637798554,252,80,127,1692
degraded,fusion,0,0.4,"Land principally occupied by agriculture, with significant areas of natural vegetation",996,0.6472995090016367,0.7941767068273092,0.7132551848512173,0.7500571981836075,791,431,205,724
degraded,fusion,0,0.4,Marine waters,116,0.8055555555555556,1.0,0.8923076923076924,0.9999999999999997,116,28,0,2007
degraded,fusion,0,0.4,Mixed forest,1214,0.6923076923076923,0.8896210873146623,0.7786589762076424,0.8246783224095622,1080,480,134,457
degraded,fusion,0,0.4,Pastures,916,0.6940836940836941,0.5251091703056768,0.5978868862647607,0.7307805887534116,481,212,435,1023
degraded,fusion,0,0.4,"Transitional woodland, shrub",885,0.6129032258064516,0.2790960451977401,0.38354037267080743,0.5698975788588753,247,156,638,1110
degraded,fusion,0,0.4,Urban fabric,265,0.7582417582417582,0.26037735849056604,0.38764044943820225,0.5175373993072682,69,22,196,1864
degraded,fusion,0,0.6,Arable land,883,0.7518987341772152,0.6727066817667045,0.7101016138673042,0.8135365013107098,594,196,289,1072
degraded,fusion,0,0.6,Broad-leaved forest,511,0.5426356589147286,0.273972602739726,0.3641092327698309,0.47696662805662354,140,118,371,1522
degraded,fusion,0,0.6,Complex cultivation patterns,1172,0.73,0.8720136518771331,0.7947122861586314,0.8234944430054667,1022,378,150,601
degraded,fusion,0,0.6,Coniferous forest,1193,0.828881469115192,0.8323554065381391,0.8306148055207027,0.9241820387531368,993,205,200,753
degraded,fusion,0,0.6,Inland waters,379,0.7630769230769231,0.6543535620052771,0.7045454545454546,0.7429439109576268,248,77,131,1695
degraded,fusion,0,0.6,"Land principally occupied by agriculture, with significant areas of natural vegetation",996,0.6541666666666667,0.7881526104417671,0.714936247723133,0.7440766837248423,785,415,211,740
degraded,fusion,0,0.6,Marine waters,116,0.8,1.0,0.8888888888888888,0.9999999999999998,116,29,0,2006
degraded,fusion,0,0.6,Mixed forest,1214,0.695201037613489,0.8830313014827018,0.7779390420899854,0.8139566043541997,1072,470,142,467
degraded,fusion,0,0.6,Pastures,916,0.6819484240687679,0.519650655021834,0.5898389095415117,0.7197050992236473,476,222,440,1013
degraded,fusion,0,0.6,"Transitional woodland, shrub",885,0.6195121951219512,0.28700564971751413,0.39227799227799226,0.5738304189762742,254,156,631,1110
degraded,fusion,0,0.6,Urban fabric,265,0.75,0.2490566037735849,0.37393767705382436,0.4973160624263157,66,22,199,1864
degraded,fusion,0,0.8,Arable land,883,0.6994082840236686,0.6693091732729332,0.6840277777777778,0.7701885581066849,591,254,292,1014
degraded,fusion,0,0.8,Broad-leaved forest,511,0.5565610859728507,0.24070450097847357,0.3360655737704918,0.46249627232101675,123,98,388,1542
degraded,fusion,0,0.8,Complex cultivation patterns,1172,0.7200854700854701,0.8626279863481229,0.7849378881987578,0.8187040515154065,1011,393,161,586
degraded,fusion,0,0.8,Coniferous forest,1193,0.8336206896551724,0.8105616093880972,0.8219294517637059,0.9179980008572088,967,193,226,765
degraded,fusion,0,0.8,Inland waters,379,0.753125,0.6358839050131926,0.6895565092989986,0.7406408321796757,241,79,138,1693
degraded,fusion,0,0.8,"Land principally occupied by agriculture, with significant areas of natural vegetation",996,0.6528497409326425,0.7590361445783133,0.7019498607242339,0.7275050126354281,756,402,240,753
degraded,fusion,0,0.8,Marine waters,116,0.7891156462585034,1.0,0.8821292775665399,0.9999999999999999,116,31,0,2004
degraded,fusion,0,0.8,Mixed forest,1214,0.6929541047188106,0.8830313014827018,0.7765302426657008,0.8065353030172732,1072,475,142,462
degraded,fusion,0,0.8,Pastures,916,0.6870451237263464,0.5152838427947598,0.5888958203368684,0.7136929472862662,472,215,444,1020
degraded,fusion,0,0.8,"Transitional woodland, shrub",885,0.6511627906976745,0.2214689265536723,0.3305227655986509,0.5638076456513949,196,105,689,1161
degraded,fusion,0,0.8,Urban fabric,265,0.7241379310344828,0.23773584905660378,0.35795454545454547,0.473047817928135,63,24,202,1862
degraded,fusion,0,1.0,Arable land,883,1.0,0.0022650056625141564,0.004519774011299435,0.684069138733026,2,0,881,1268
degraded,fusion,0,1.0,Broad-leaved forest,511,0.7142857142857143,0.009784735812133072,0.019305019305019305,0.40959531452660125,5,2,506,1638
degraded,fusion,0,1.0,Complex cultivation patterns,1172,0.7925764192139738,0.6194539249146758,0.6954022988505747,0.8114152577804687,726,190,446,789
degraded,fusion,0,1.0,Coniferous forest,1193,0.6011322696860525,0.9790444258172674,0.7448979591836735,0.8820196719313769,1168,775,25,183
degraded,fusion,0,1.0,Inland waters,379,0.7436708860759493,0.6200527704485488,0.6762589928057554,0.7144803959256798,235,81,144,1691
degraded,fusion,0,1.0,"Land principally occupied by agriculture, with significant areas of natural vegetation",996,0.7180232558139535,0.4959839357429719,0.5866983372921615,0.7056631771906686,494,194,502,961
degraded,fusion,0,1.0,Marine waters,116,0.7388535031847133,1.0,0.8498168498168498,0.9999999999999997,116,41,0,1994
degraded,fusion,0,1.0,Mixed forest,1214,0.6297297297297297,0.9596375617792422,0.7604438642297651,0.7902910604404962,1165,685,49,252
degraded,fusion,0,1.0,Pastures,916,0.8888888888888888,0.017467248908296942,0.034261241970021415,0.6491256959113341,16,2,900,1233
degraded,fusion,0,1.0,"Transitional woodland, shrub",885,0.5567010309278351,0.2440677966101695,0.33935585231736054,0.5335527373740978,216,172,669,1094
degraded,fusion,0,1.0,Urban fabric,265,0.6607142857142857,0.2792452830188679,0.3925729442970822,0.47295463158512596,74,38,191,1848
degraded,fusion_shuf,0,0.0,Arable land,883,0.7442371020856202,0.7678369195922989,0.7558528428093646,0.8352265294559156,678,233,205,1035
degraded,fusion_shuf,0,0.0,Broad-leaved forest,511,0.5261194029850746,0.2759295499021526,0.362002567394095,0.47750081011368173,141,127,370,1513
degraded,fusion_shuf,0,0.0,Complex cultivation patterns,1172,0.7001254705144291,0.9522184300341296,0.806941431670282,0.8564689630430478,1116,478,56,501
degraded,fusion_shuf,0,0.0,Coniferous forest,1193,0.8327702702702703,0.826487845766974,0.8296171644930584,0.927170447881916,986,198,207,760
degraded,fusion_shuf,0,0.0,Inland waters,379,0.9135802469135802,0.19525065963060687,0.3217391304347826,0.6241766962268576,74,7,305,1765
degraded,fusion_shuf,0,0.0,"Land principally occupied by agriculture, with significant areas of natural vegetation",996,0.6458511548331908,0.7580321285140562,0.6974595842956121,0.7452999887425763,755,414,241,741
degraded,fusion_shuf,0,0.0,Marine waters,116,0.9914529914529915,1.0,0.9957081545064378,1.0,116,1,0,2034
degraded,fusion_shuf,0,0.0,Mixed forest,1214,0.7084175084175084,0.8665568369028006,0.779547980733605,0.8242401802745851,1052,433,162,504
degraded,fusion_shuf,0,0.0,Pastures,916,0.7208413001912046,0.4115720524017467,0.5239749826268242,0.702396819332722,377,146,539,1089
degraded,fusion_shuf,0,0.0,"Transitional woodland, shrub",885,0.6038647342995169,0.2824858757062147,0.3849114703618168,0.5370838262787396,250,164,635,1102
degraded,fusion_shuf,0,0.0,Urban fabric,265,0.5730994152046783,0.36981132075471695,0.44954128440366975,0.5267600620734096,98,73,167,1813
degraded,fusion_shuf,0,0.2,Arable land,883,0.7432735426008968,0.7508493771234428,0.7470422535211267,0.8263283271838732,663,229,220,1039
degraded,fusion_shuf,0,0.2,Broad-leaved forest,511,0.5426008968609866,0.23679060665362034,0.329700272479564,0.4771920242516762,121,102,390,1538
degraded,fusion_shuf,0,0.2,Complex cultivation patterns,1172,0.7081736909323116,0.9462457337883959,0.8100803506208911,0.8427824690432897,1109,457,63,522
degraded,fusion_shuf,0,0.2,Coniferous forest,1193,0.8144578313253013,0.8499580888516345,0.8318293683347006,0.924982689472857,1014,231,179,727
degraded,fusion_shuf,0,0.2,Inland waters,379,0.7738095238095238,0.17150395778364116,0.28077753779697623,0.5090741564196642,65,19,314,1753
degraded,fusion_shuf,0,0.2,"Land principally occupied by agriculture, with significant areas of natural vegetation",996,0.6706864564007421,0.7259036144578314,0.6972034715525555,0.7543867882009958,723,355,273,800
degraded,fusion_shuf,0,0.2,Marine waters,116,0.9830508474576272,1.0,0.9914529914529915,0.9994704963951693,116,2,0,2033
degraded,fusion_shuf,0,0.2,Mixed forest,1214,0.7159640635798203,0.8533772652388797,0.7786546411123638,0.8321544248804642,1036,411,178,526
degraded,fusion_shuf,0,0.2,Pastures,916,0.7372262773722628,0.3307860262008734,0.4566691785983421,0.6975560049407283,303,108,613,1127
degraded,fusion_shuf,0,0.2,"Transitional woodland, shrub",885,0.6088154269972452,0.2497175141242938,0.3541666666666667,0.5425645949849514,221,142,664,1124
degraded,fusion_shuf,0,0.2,Urban fabric,265,0.5786163522012578,0.3471698113207547,0.4339622641509434,0.5140507185350688,92,67,173,1819
degraded,fusion_shuf,0,0.4,Arable land,883,0.7373737373737373,0.7440543601359003,0.7406989853438557,0.8159549001016269,657,234,226,1034
degraded,fusion_shuf,0,0.4,Broad-leaved forest,511,0.5398230088495575,0.23874755381604695,0.3310719131614654,0.47719722645775503,122,104,389,1536
degraded,fusion_shuf,0,0.4,Complex cultivation patterns,1172,0.687037037037037,0.9496587030716723,0.7972779369627507,0.8399140663081441,1113,507,59,472
degraded,fusion_shuf,0,0.4,Coniferous forest,1193,0.8077544426494345,0.8382229673093042,0.8227067050596463,0.9194190268567275,1000,238,193,720
degraded,fusion_shuf,0,0.4,Inland waters,379,0.759493670886076,0.158311345646438,0.26200873362445415,0.47526452240324724,60,19,319,1753
degraded,fusion_shuf,0,0.4,"Land principally occupied by agriculture, with significant areas of natural vegetation",996,0.6642402183803457,0.7329317269076305,0.6968973747016707,0.7407529837184219,730,369,266,786
degraded,fusion_shuf,0,0.4,Marine waters,116,0.9666666666666667,1.0,0.9830508474576272,0.9978050760545899,116,4,0,2031
degraded,fusion_shuf,0,0.4,Mixed forest,1214,0.7133058984910837,0.85667215815486,0.7784431137724551,0.8277346246473887,1040,418,174,519
degraded,fusion_shuf,0,0.4,Pastures,916,0.7361419068736141,0.3624454148471616,0.4857351865398683,0.7006380816504899,332,119,584,1116
degraded,fusion_shuf,0,0.4,"Transitional woodland, shrub",885,0.5830903790087464,0.22598870056497175,0.3257328990228013,0.5318948151221757,200,143,685,1123
degraded,fusion_shuf,0,0.4,Urban fabric,265,0.6136363636363636,0.30566037735849055,0.4080604534005038,0.5020278922730081,81,51,184,1835
degraded,fusion_shuf,0,0.6,Arable land,883,0.7131608548931384,0.7180067950169875,0.7155756207674944,0.7978284076734163,634,255,249,1013
degraded,fusion_shuf,0,0.6,Broad-leaved forest,511,0.5365853658536586,0.21526418786692758,0.30726256983240224,0.45926502587375356,110,95,401,1545
degraded,fusion_shuf,0,0.6,Complex cultivation patterns,1172,0.681360201511335,0.9232081911262798,0.7840579710144927,0.8239006260124557,1082,506,90,473
degraded,fusion_shuf,0,0.6,Coniferous forest,1193,0.8027375201288245,0.8357082984073764,0.8188911704312115,0.9124844348964503,997,245,196,713
degraded,fusion_shuf,0,0.6,Inland waters,379,0.8125,0.13720316622691292,0.23476297968397292,0.45557695522469177,52,12,327,1760
degraded,fusion_shuf,0,0.6,"Land principally occupied by agriculture, with significant areas of natural vegetation",996,0.6499535747446611,0.7028112449799196,0.6753497346840328,0.7260617653563751,700,377,296,778
degraded,fusion_shuf,0,0.6,Marine waters,116,0.9354838709677419,1.0,0.9666666666666667,0.9969285347741994,116,8,0,2027
degraded,fusion_shuf,0,0.6,Mixed forest,1214,0.7010796221322537,0.8558484349258649,0.7707715133531158,0.7963920287226878,1039,443,175,494
degraded,fusion_shuf,0,0.6,Pastures,916,0.7042553191489361,0.361353711790393,0.47763347763347763,0.6774678730380581,331,139,585,1096
degraded,fusion_shuf,0,0.6,"Transitional woodland, shrub",885,0.5636942675159236,0.2,0.29524603836530444,0.5282057306380838,177,137,708,1129
degraded,fusion_shuf,0,0.6,Urban fabric,265,0.6,0.23773584905660378,0.34054054054054056,0.44898812108915687,63,42,202,1844
degraded,fusion_shuf,0,0.8,Arable land,883,0.6610925306577481,0.6715741789354474,0.6662921348314607,0.7425386879922652,593,304,290,964
degraded,fusion_shuf,0,0.8,Broad-leaved forest,511,0.5984251968503937,0.1487279843444227,0.23824451410658307,0.42564985844769104,76,51,435,1589
degraded,fusion_shuf,0,0.8,Complex cultivation patterns,1172,0.6621032980709396,0.9078498293515358,0.7657430730478589,0.7981843691745484,1064,543,108,436
degraded,fusion_shuf,0,0.8,Coniferous forest,1193,0.8045685279187818,0.7971500419111484,0.8008421052631579,0.8908651833764987,951,231,242,727
degraded,fusion_shuf,0,0.8,Inland waters,379,0.7413793103448276,0.11345646437994723,0.19679633867276888,0.38928266647314297,43,15,336,1757
degraded,fusion_shuf,0,0.8,"Land principally occupied by agriculture, with significant areas of natural vegetation",996,0.6487854251012146,0.643574297188755,0.6461693548387096,0.6925275665825391,641,347,355,808
degraded,fusion_shuf,0,0.8,Marine waters,116,0.90625,1.0,0.9508196721311475,0.9929751967540822,116,12,0,2023
degraded,fusion_shuf,0,0.8,Mixed forest,1214,0.694949494949495,0.8500823723228995,0.7647276769173768,0.7809035371270361,1032,453,182,484
degraded,fusion_shuf,0,0.8,Pastures,916,0.7298850574712644,0.27729257641921395,0.40189873417721517,0.6694250789572544,254,94,662,1141
degraded,fusion_shuf,0,0.8,"Transitional woodland, shrub",885,0.5916666666666667,0.08022598870056497,0.14129353233830846,0.5131334931374654,71,49,814,1217
degraded,fusion_shuf,0,0.8,Urban fabric,265,0.47368421052631576,0.13584905660377358,0.21114369501466276,0.33206613661706313,36,40,229,1846
degraded,fusion_shuf,0,1.0,Arable land,883,0.0,0.0,0.0,0.42938499559883336,0,0,883,1268
degraded,fusion_shuf,0,1.0,Broad-leaved forest,511,0.0,0.0,0.0,0.2290967899307449,0,0,511,1640
degraded,fusion_shuf,0,1.0,Complex cultivation patterns,1172,0.0,0.0,0.0,0.5411500885575762,0,0,1172,979
degraded,fusion_shuf,0,1.0,Coniferous forest,1193,0.0,0.0,0.0,0.5741886135754937,0,0,1193,958
degraded,fusion_shuf,0,1.0,Inland waters,379,0.0,0.0,0.0,0.18522444118244863,0,0,379,1772
degraded,fusion_shuf,0,1.0,"Land principally occupied by agriculture, with significant areas of natural vegetation",996,0.0,0.0,0.0,0.4603490540503392,0,0,996,1155
degraded,fusion_shuf,0,1.0,Marine waters,116,0.05297351324337831,0.9137931034482759,0.10014170996693435,0.05322163971536091,106,1895,10,140
degraded,fusion_shuf,0,1.0,Mixed forest,1214,0.0,0.0,0.0,0.5604445877372425,0,0,1214,937
degraded,fusion_shuf,0,1.0,Pastures,916,0.0,0.0,0.0,0.4185539534844604,0,0,916,1235
degraded,fusion_shuf,0,1.0,"Transitional woodland, shrub",885,0.0,0.0,0.0,0.4169756086758075,0,0,885,1266
degraded,fusion_shuf,0,1.0,Urban fabric,265,0.0,0.0,0.0,0.11020529676021704,0,0,265,1886
degraded,sar,0,0.0,Arable land,883,0.670995670995671,0.7021517553793885,0.6862202545655783,0.7074176045643761,620,304,263,964
degraded,sar,0,0.0,Broad-leaved forest,511,0.47417840375586856,0.19765166340508805,0.27900552486187846,0.40480681759416276,101,112,410,1528
degraded,sar,0,0.0,Complex cultivation patterns,1172,0.7311906501095691,0.8540955631399317,0.7878787878787878,0.8240344571508886,1001,368,171,611
degraded,sar,0,0.0,Coniferous forest,1193,0.7836498761354252,0.7954735959765298,0.7895174708818635,0.8984352157466401,949,262,244,696
degraded,sar,0,0.0,Inland waters,379,0.7628205128205128,0.6279683377308707,0.6888567293777135,0.7426582396591828,238,74,141,1698
degraded,sar,0,0.0,"Land principally occupied by agriculture, with significant areas of natural vegetation",996,0.645218945487042,0.7248995983935743,0.68274231678487,0.6873814339737451,722,397,274,758
degraded,sar,0,0.0,Marine waters,116,0.8592592592592593,1.0,0.9243027888446215,0.9999999999999997,116,19,0,2016
degraded,sar,0,0.0,Mixed forest,1214,0.7203826342899191,0.8064250411861614,0.7609794014768753,0.8019503690192255,979,380,235,557
degraded,sar,0,0.0,Pastures,916,0.6460176991150443,0.39847161572052403,0.49291019581363943,0.6419173872422459,365,200,551,1035
degraded,sar,0,0.0,"Transitional woodland, shrub",885,0.6352941176470588,0.12203389830508475,0.204739336492891,0.5417328298255828,108,62,777,1204
degraded,sar,0,0.0,Urban fabric,265,0.8153846153846154,0.2,0.3212121212121212,0.4845680869884489,53,12,212,1874
degraded,sar,0,0.2,Arable land,883,0.670995670995671,0.7021517553793885,0.6862202545655783,0.7074176045643761,620,304,263,964
degraded,sar,0,0.2,Broad-leaved forest,511,0.47417840375586856,0.19765166340508805,0.27900552486187846,0.40480681759416276,101,112,410,1528
degraded,sar,0,0.2,Complex cultivation patterns,1172,0.7311906501095691,0.8540955631399317,0.7878787878787878,0.8240344571508886,1001,368,171,611
degraded,sar,0,0.2,Coniferous forest,1193,0.7836498761354252,0.7954735959765298,0.7895174708818635,0.8984352157466401,949,262,244,696
degraded,sar,0,0.2,Inland waters,379,0.7628205128205128,0.6279683377308707,0.6888567293777135,0.7426582396591828,238,74,141,1698
degraded,sar,0,0.2,"Land principally occupied by agriculture, with significant areas of natural vegetation",996,0.645218945487042,0.7248995983935743,0.68274231678487,0.6873814339737451,722,397,274,758
degraded,sar,0,0.2,Marine waters,116,0.8592592592592593,1.0,0.9243027888446215,0.9999999999999997,116,19,0,2016
degraded,sar,0,0.2,Mixed forest,1214,0.7203826342899191,0.8064250411861614,0.7609794014768753,0.8019503690192255,979,380,235,557
degraded,sar,0,0.2,Pastures,916,0.6460176991150443,0.39847161572052403,0.49291019581363943,0.6419173872422459,365,200,551,1035
degraded,sar,0,0.2,"Transitional woodland, shrub",885,0.6352941176470588,0.12203389830508475,0.204739336492891,0.5417328298255828,108,62,777,1204
degraded,sar,0,0.2,Urban fabric,265,0.8153846153846154,0.2,0.3212121212121212,0.4845680869884489,53,12,212,1874
degraded,sar,0,0.4,Arable land,883,0.670995670995671,0.7021517553793885,0.6862202545655783,0.7074176045643761,620,304,263,964
degraded,sar,0,0.4,Broad-leaved forest,511,0.47417840375586856,0.19765166340508805,0.27900552486187846,0.40480681759416276,101,112,410,1528
degraded,sar,0,0.4,Complex cultivation patterns,1172,0.7311906501095691,0.8540955631399317,0.7878787878787878,0.8240344571508886,1001,368,171,611
degraded,sar,0,0.4,Coniferous forest,1193,0.7836498761354252,0.7954735959765298,0.7895174708818635,0.8984352157466401,949,262,244,696
degraded,sar,0,0.4,Inland waters,379,0.7628205128205128,0.6279683377308707,0.6888567293777135,0.7426582396591828,238,74,141,1698
degraded,sar,0,0.4,"Land principally occupied by agriculture, with significant areas of natural vegetation",996,0.645218945487042,0.7248995983935743,0.68274231678487,0.6873814339737451,722,397,274,758
degraded,sar,0,0.4,Marine waters,116,0.8592592592592593,1.0,0.9243027888446215,0.9999999999999997,116,19,0,2016
degraded,sar,0,0.4,Mixed forest,1214,0.7203826342899191,0.8064250411861614,0.7609794014768753,0.8019503690192255,979,380,235,557
degraded,sar,0,0.4,Pastures,916,0.6460176991150443,0.39847161572052403,0.49291019581363943,0.6419173872422459,365,200,551,1035
degraded,sar,0,0.4,"Transitional woodland, shrub",885,0.6352941176470588,0.12203389830508475,0.204739336492891,0.5417328298255828,108,62,777,1204
degraded,sar,0,0.4,Urban fabric,265,0.8153846153846154,0.2,0.3212121212121212,0.4845680869884489,53,12,212,1874
degraded,sar,0,0.6,Arable land,883,0.670995670995671,0.7021517553793885,0.6862202545655783,0.7074176045643761,620,304,263,964
degraded,sar,0,0.6,Broad-leaved forest,511,0.47417840375586856,0.19765166340508805,0.27900552486187846,0.40480681759416276,101,112,410,1528
degraded,sar,0,0.6,Complex cultivation patterns,1172,0.7311906501095691,0.8540955631399317,0.7878787878787878,0.8240344571508886,1001,368,171,611
degraded,sar,0,0.6,Coniferous forest,1193,0.7836498761354252,0.7954735959765298,0.7895174708818635,0.8984352157466401,949,262,244,696
degraded,sar,0,0.6,Inland waters,379,0.7628205128205128,0.6279683377308707,0.6888567293777135,0.7426582396591828,238,74,141,1698
degraded,sar,0,0.6,"Land principally occupied by agriculture, with significant areas of natural vegetation",996,0.645218945487042,0.7248995983935743,0.68274231678487,0.6873814339737451,722,397,274,758
degraded,sar,0,0.6,Marine waters,116,0.8592592592592593,1.0,0.9243027888446215,0.9999999999999997,116,19,0,2016
degraded,sar,0,0.6,Mixed forest,1214,0.7203826342899191,0.8064250411861614,0.7609794014768753,0.8019503690192255,979,380,235,557
degraded,sar,0,0.6,Pastures,916,0.6460176991150443,0.39847161572052403,0.49291019581363943,0.6419173872422459,365,200,551,1035
degraded,sar,0,0.6,"Transitional woodland, shrub",885,0.6352941176470588,0.12203389830508475,0.204739336492891,0.5417328298255828,108,62,777,1204
degraded,sar,0,0.6,Urban fabric,265,0.8153846153846154,0.2,0.3212121212121212,0.4845680869884489,53,12,212,1874
degraded,sar,0,0.8,Arable land,883,0.670995670995671,0.7021517553793885,0.6862202545655783,0.7074176045643761,620,304,263,964
degraded,sar,0,0.8,Broad-leaved forest,511,0.47417840375586856,0.19765166340508805,0.27900552486187846,0.40480681759416276,101,112,410,1528
degraded,sar,0,0.8,Complex cultivation patterns,1172,0.7311906501095691,0.8540955631399317,0.7878787878787878,0.8240344571508886,1001,368,171,611
degraded,sar,0,0.8,Coniferous forest,1193,0.7836498761354252,0.7954735959765298,0.7895174708818635,0.8984352157466401,949,262,244,696
degraded,sar,0,0.8,Inland waters,379,0.7628205128205128,0.6279683377308707,0.6888567293777135,0.7426582396591828,238,74,141,1698
degraded,sar,0,0.8,"Land principally occupied by agriculture, with significant areas of natural vegetation",996,0.645218945487042,0.7248995983935743,0.68274231678487,0.6873814339737451,722,397,274,758
degraded,sar,0,0.8,Marine waters,116,0.8592592592592593,1.0,0.9243027888446215,0.9999999999999997,116,19,0,2016
degraded,sar,0,0.8,Mixed forest,1214,0.7203826342899191,0.8064250411861614,0.7609794014768753,0.8019503690192255,979,380,235,557
degraded,sar,0,0.8,Pastures,916,0.6460176991150443,0.39847161572052403,0.49291019581363943,0.6419173872422459,365,200,551,1035
degraded,sar,0,0.8,"Transitional woodland, shrub",885,0.6352941176470588,0.12203389830508475,0.204739336492891,0.5417328298255828,108,62,777,1204
degraded,sar,0,0.8,Urban fabric,265,0.8153846153846154,0.2,0.3212121212121212,0.4845680869884489,53,12,212,1874
degraded,sar,0,1.0,Arable land,883,0.670995670995671,0.7021517553793885,0.6862202545655783,0.7074176045643761,620,304,263,964
degraded,sar,0,1.0,Broad-leaved forest,511,0.47417840375586856,0.19765166340508805,0.27900552486187846,0.40480681759416276,101,112,410,1528
degraded,sar,0,1.0,Complex cultivation patterns,1172,0.7311906501095691,0.8540955631399317,0.7878787878787878,0.8240344571508886,1001,368,171,611
degraded,sar,0,1.0,Coniferous forest,1193,0.7836498761354252,0.7954735959765298,0.7895174708818635,0.8984352157466401,949,262,244,696
degraded,sar,0,1.0,Inland waters,379,0.7628205128205128,0.6279683377308707,0.6888567293777135,0.7426582396591828,238,74,141,1698
degraded,sar,0,1.0,"Land principally occupied by agriculture, with significant areas of natural vegetation",996,0.645218945487042,0.7248995983935743,0.68274231678487,0.6873814339737451,722,397,274,758
degraded,sar,0,1.0,Marine waters,116,0.8592592592592593,1.0,0.9243027888446215,0.9999999999999997,116,19,0,2016
degraded,sar,0,1.0,Mixed forest,1214,0.7203826342899191,0.8064250411861614,0.7609794014768753,0.8019503690192255,979,380,235,557
degraded,sar,0,1.0,Pastures,916,0.6460176991150443,0.39847161572052403,0.49291019581363943,0.6419173872422459,365,200,551,1035
degraded,sar,0,1.0,"Transitional woodland, shrub",885,0.6352941176470588,0.12203389830508475,0.204739336492891,0.5417328298255828,108,62,777,1204
degraded,sar,0,1.0,Urban fabric,265,0.8153846153846154,0.2,0.3212121212121212,0.4845680869884489,53,12,212,1874
