regime,arm,seed,test_level,best_epoch,val_macro_f1,macro_f1,micro_f1,hamming_accuracy,exact_match_accuracy,macro_map
clean,optical,0,0.0,10,0.7040695506267223,0.6970615402625858,0.7247370003005711,0.806474789738388,0.1278475127847513,0.7758200071478959
clean,optical,0,0.2,10,0.7040695506267223,0.6088361722111233,0.649434213445751,0.7328937914711974,0.06415620641562064,0.7358598126315034
clean,optical,0,0.4,10,0.7040695506267223,0.5390098547469079,0.6051995519660437,0.7169603989687672,0.05950720595072059,0.7058037624644625
clean,optical,0,0.6,10,0.7040695506267223,0.4123576312547732,0.5168438580760856,0.6811630953890369,0.056717805671780565,0.6780080803981707
clean,optical,0,0.8,10,0.7040695506267223,0.2628039283497072,0.40704906703524535,0.6373779637377964,0.056717805671780565,0.6327788189073066
clean,optical,0,1.0,10,0.7040695506267223,0.0093034446805951,0.021720812657990824,0.5583872194750856,0.05392840539284054,0.36050885423270357
clean,optical,1,0.0,23,0.7151944880634846,0.706766993726447,0.7251418702195904,0.8116732175309581,0.1403998140399814,0.7896904443086877
clean,optical,1,0.2,23,0.7151944880634846,0.61420631484997,0.6449566744067509,0.7350492371412873,0.06229660622966062,0.7388445984235603
clean,optical,1,0.4,23,0.7151944880634846,0.5533588311285632,0.6021101992966003,0.7131144076750772,0.05950720595072059,0.7122203792936155
clean,optical,1,0.6,23,0.7151944880634846,0.452825561994268,0.525085910652921,0.6787540678754068,0.056717805671780565,0.68576156402841
clean,optical,1,0.8,23,0.7151944880634846,0.3140993005507047,0.40005589324390417,0.6370821182536663,0.05578800557880056,0.6398992347782629
clean,optical,1,1.0,23,0.7151944880634846,0.0093034446805951,0.021720812657990824,0.5583872194750856,0.05392840539284054,0.36050885423270357
clean,optical,2,0.0,17,0.7121449311276551,0.7007498258645148,0.7220908374264751,0.8063057351760281,0.1320316132031613,0.7860367706662011
clean,optical,2,0.2,17,0.7121449311276551,0.6311283566562296,0.6498605688789738,0.7346688643759773,0.06462110646211065,0.7376002155029154
clean,optical,2,0.4,17,0.7121449311276551,0.5632011891596806,0.600583430571762,0.7106631165208571,0.05904230590423059,0.7090572212506167
clean,optical,2,0.6,17,0.7121449311276551,0.43352228789182967,0.5076981322564361,0.6702590761168167,0.05625290562529056,0.6828720088766365
clean,optical,2,0.8,17,0.7121449311276551,0.27363551944800024,0.4042872747132714,0.6312074722116563,0.056717805671780565,0.6390722644485128
clean,optical,2,1.0,17,0.7121449311276551,0.0093034446805951,0.021720812657990824,0.5583872194750856,0.05392840539284054,0.36050885423270357
clean,fusion,0,0.0,15,0.6883634102165698,0.6739815570131964,0.7136994568497285,0.799501289041038,0.12459321245932124,0.7619715134374936
clean,fusion,0,0.2,15,0.6883634102165698,0.6542401787930211,0.7070296141190547,0.7930349520307679,0.11483031148303115,0.7534208991134651
clean,fusion,0,0.4,15,0.6883634102165698,0.6258678558999861,0.6880084895649098,0.7763408139977178,0.10088331008833101,0.744388991661193
clean,fusion,0,0.6,15,0.6883634102165698,0.5841138856626376,0.6618207397854505,0.7561810574362876,0.09716410971641097,0.732160276165525
clean,fusion,0,0.8,15,0.6883634102165698,0.5271836723735125,0.633519882179676,0.7370778918896074,0.08461180846118084,0.710591719756882
clean,fusion,0,1.0,15,0.6883634102165698,0.3659089758829714,0.4690568283249033,0.698322133468577,0.07810320781032078,0.6878391616775853
clean,fusion,1,0.0,23,0.7140191631940914,0.6975811225277908,0.7228306655433867,0.805333671442458,0.12319851231985124,0.7791601815711889
clean,fusion,1,0.2,23,0.7140191631940914,0.6827637165485666,0.7161959585057265,0.799966189087528,0.1194793119479312,0.7693569478300373
clean,fusion,1,0.4,23,0.7140191631940914,0.6505678361255862,0.6967169476486247,0.7833143146950678,0.10460251046025104,0.7592173206747024
clean,fusion,1,0.6,23,0.7140191631940914,0.6144876276652098,0.672901594023881,0.7649718946790076,0.09762900976290098,0.7468606010074473
clean,fusion,1,0.8,23,0.7140191631940914,0.559743840052055,0.6441059681147395,0.7462068382570475,0.0901906090190609,0.7241734821305035
clean,fusion,1,1.0,23,0.7140191631940914,0.36559091991181647,0.44932810750279956,0.6674696758378766,0.06741050674105067,0.6991159108551321
clean,fusion,2,0.0,27,0.7117872002754884,0.7033738345589831,0.7262152056501869,0.8050378259583281,0.12831241283124128,0.7801173568308847
clean,fusion,2,0.2,27,0.7117872002754884,0.68440777805625,0.7164390014130947,0.796458306918558,0.1204091120409112,0.7720216021063352
clean,fusion,2,0.4,27,0.7117872002754884,0.6550053645348606,0.6970710332103321,0.7779468323401377,0.10646211064621107,0.7618492101340415
clean,fusion,2,0.6,27,0.7117872002754884,0.6218673125939934,0.6803885291396855,0.7663665948184777,0.10134821013482101,0.7498092972723175
clean,fusion,2,0.8,27,0.7117872002754884,0.5632232117595463,0.6472723015687193,0.7453193018046574,0.08368200836820083,0.727385490686433
clean,fusion,2,1.0,27,0.7117872002754884,0.39899212707379655,0.45224963715529753,0.6809940408266768,0.08228730822873083,0.7034203517926749
clean,fusion_shuf,0,0.0,17,0.6586789207540948,0.6775793287420876,0.7059241285435285,0.7899919699082879,0.11483031148303115,0.7524161607553169
clean,fusion_shuf,0,0.2,17,0.6586789207540948,0.5905918733839989,0.6377366750574587,0.7202146992941972,0.06322640632264064,0.7108170029480779
clean,fusion_shuf,0,0.4,17,0.6586789207540948,0.5232798761687889,0.6033894513115946,0.700308524576307,0.055323105532310554,0.6778245922723785
clean,fusion_shuf,0,0.6,17,0.6586789207540948,0.4708798344412642,0.5601791818931982,0.6846287139174169,0.05485820548582055,0.641739665887467
clean,fusion_shuf,0,0.8,17,0.6586789207540948,0.25663366509910746,0.3868279018924643,0.6206838257047462,0.05160390516039052,0.5664736937808673
clean,fusion_shuf,0,1.0,17,0.6586789207540948,0.00948142736837833,0.02035381396233593,0.5646845019229957,0.04834960483496048,0.36301301114546514
clean,fusion_shuf,1,0.0,26,0.6522335693949894,0.6705178903319992,0.6989294434357979,0.796754152402688,0.12133891213389121,0.7571148236407708
clean,fusion_shuf,1,0.2,26,0.6522335693949894,0.586771799848734,0.6262729124236253,0.7208063902624572,0.06555090655509066,0.704850087626308
clean,fusion_shuf,1,0.4,26,0.6522335693949894,0.5377238172575156,0.596928426543031,0.7060563796965471,0.0599721059972106,0.6834559815702166
clean,fusion_shuf,1,0.6,26,0.6522335693949894,0.47391313669910956,0.5434298440979956,0.6880943324457969,0.05764760576476058,0.6601701037007203
clean,fusion_shuf,1,0.8,26,0.6522335693949894,0.24651283872298507,0.3801801801801802,0.6219939985630362,0.055323105532310554,0.600885313341371
clean,fusion_shuf,1,1.0,26,0.6522335693949894,0.00941316146540027,0.021026709604091684,0.5631630108617557,0.05160390516039052,0.36633172716830187
clean,fusion_shuf,2,0.0,28,0.668417133682583,0.6839211929677488,0.7142606560252587,0.7934575884366679,0.12273361227336123,0.765141351316419
clean,fusion_shuf,2,0.2,28,0.668417133682583,0.6216991094776629,0.6581242597178852,0.7316258822534973,0.06601580660158066,0.713463225245986
clean,fusion_shuf,2,0.4,28,0.668417133682583,0.5733775230564235,0.6310894596988486,0.7183550991082371,0.05950720595072059,0.6871234308256932
clean,fusion_shuf,2,0.6,28,0.668417133682583,0.48964199380124945,0.5760637033515569,0.698491188030937,0.056717805671780565,0.6575462407420998
clean,fusion_shuf,2,0.8,28,0.668417133682583,0.2287689272334358,0.388257834952785,0.6221630531253962,0.05206880520688052,0.5867810566047135
clean,fusion_shuf,2,1.0,28,0.668417133682583,0.009194019590995016,0.020322886989553656,0.5640082836735556,0.0497443049744305,0.3640518708102519
clean,sar,0,0.0,22,0.6336670780851539,0.6037912007622356,0.6535353535353535,0.7680571404420777,0.10692701069270107,0.7058221457362918
clean,sar,0,0.2,22,0.6336670780851539,0.6037912007622356,0.6535353535353535,0.7680571404420777,0.10692701069270107,0.7058221457362918
clean,sar,0,0.4,22,0.6336670780851539,0.6037912007622356,0.6535353535353535,0.7680571404420777,0.10692701069270107,0.7058221457362918
clean,sar,0,0.6,22,0.6336670780851539,0.6037912007622356,0.6535353535353535,0.7680571404420777,0.10692701069270107,0.7058221457362918
clean,sar,0,0.8,22,0.6336670780851539,0.6037912007622356,0.6535353535353535,0.7680571404420777,0.10692701069270107,0.7058221457362918
clean,sar,0,1.0,22,0.6336670780851539,0.6037912007622356,0.6535353535353535,0.7680571404420777,0.10692701069270107,0.7058221457362918
clean,sar,1,0.0,19,0.6409798236583344,0.6109317714903008,0.6473211400504104,0.7693673133003677,0.09530450953045096,0.7039681921449928
clean,sar,1,0.2,19,0.6409798236583344,0.6109317714903008,0.6473211400504104,0.7693673133003677,0.09530450953045096,0.7039681921449928
clean,sar,1,0.4,19,0.6409798236583344,0.6109317714903008,0.6473211400504104,0.7693673133003677,0.09530450953045096,0.7039681921449928
clean,sar,1,0.6,19,0.6409798236583344,0.6109317714903008,0.6473211400504104,0.7693673133003677,0.09530450953045096,0.7039681921449928
clean,sar,1,0.8,19,0.6409798236583344,0.6109317714903008,0.6473211400504104,0.7693673133003677,0.09530450953045096,0.7039681921449928
clean,sar,1,1.0,19,0.6409798236583344,0.6109317714903008,0.6473211400504104,0.7693673133003677,0.09530450953045096,0.7039681921449928
clean,sar,2,0.0,29,0.6418259718724053,0.6112516292393843,0.6614310645724258,0.7704239043151178,0.10599721059972106,0.713105001405705
clean,sar,2,0.2,29,0.6418259718724053,0.6112516292393843,0.6614310645724258,0.7704239043151178,0.10599721059972106,0.713105001405705
clean,sar,2,0.4,29,0.6418259718724053,0.6112516292393843,0.6614310645724258,0.7704239043151178,0.10599721059972106,0.713105001405705
clean,sar,2,0.6,29,0.6418259718724053,0.6112516292393843,0.6614310645724258,0.7704239043151178,0.10599721059972106,0.713105001405705
clean,sar,2,0.8,29,0.6418259718724053,0.6112516292393843,0.6614310645724258,0.7704239043151178,0.10599721059972106,0.713105001405705
clean,sar,2,1.0,29,0.6418259718724053,0.6112516292393843,0.6614310645724258,0.7704239043151178,0.10599721059972106,0.713105001405705
degraded,optical,0,0.0,26,0.6715805755864024,0.6887714701624466,0.7203923468152095,0.804826507755378,0.12877731287773128,0.7730604366527487
degraded,optical,0,0.2,26,0.6715805755864024,0.6809468805302398,0.7155246121900574,0.8031359621317781,0.11854951185495119,0.7595784344606387
degraded,optical,0,0.4,26,0.6715805755864024,0.6723350392566848,0.7073900042716788,0.7973458433709479,0.11483031148303115,0.7531690120588764
degraded,optical,0,0.6,26,0.6715805755864024,0.6538211443199091,0.6923690834305359,0.7882168970035078,0.10785681078568107,0.7355646955125331
degraded,optical,0,0.8,26,0.6715805755864024,0.6037664331919019,0.6583733265976257,0.7713537044080977,0.09762900976290098,0.6974571515650578
degraded,optical,0,1.0,26,0.6715805755864024,0.0093034446805951,0.021720812657990824,0.5583872194750856,0.05392840539284054,0.36050885423270357
degraded,optical,1,0.0,35,0.6692018077919393,0.6830169856747266,0.7182081816499044,0.8069819534254681,0.1320316132031613,0.7724508922134945
degraded,optical,1,0.2,35,0.6692018077919393,0.6728095577913829,0.7100173568063476,0.802290689319978,0.1199442119944212,0.7621726406597847
degraded,optical,1,0.4,35,0.6692018077919393,0.6635156421052619,0.7033294066588133,0.797768479776848,0.11529521152952116,0.7580633608707547
degraded,optical,1,0.6,35,0.6692018077919393,0.6533197250841953,0.6933068174756075,0.7914289336883479,0.11343561134356113,0.7389027622416274
degraded,optical,1,0.8,35,0.6692018077919393,0.5976517033456058,0.6571755434091776,0.7720299226575377,0.10181311018131102,0.7003044075205257
degraded,optical,1,1.0,35,0.6692018077919393,0.0093034446805951,0.021720812657990824,0.5583872194750856,0.05392840539284054,0.36050885423270357
degraded,optical,2,0.0,38,0.6787385183258087,0.6988131065738177,0.7256195400249599,0.804868771395968,0.13156671315667132,0.7820595756338949
degraded,optical,2,0.2,38,0.6787385183258087,0.6948855927944321,0.7228132387706856,0.801783525632898,0.12412831241283125,0.7714898281505373
degraded,optical,2,0.4,38,0.6787385183258087,0.6844567589496832,0.7153232949512843,0.796246988715608,0.11157601115760112,0.7648011786333261
degraded,optical,2,0.6,38,0.6787385183258087,0.6647162375355077,0.7010876060714712,0.7885972697688178,0.1101813110181311,0.7469550920244656
degraded,optical,2,0.8,38,0.6787385183258087,0.6075459504900704,0.6625496789972486,0.7667469675837877,0.09251510925151092,0.7078487756800551
degraded,optical,2,1.0,38,0.6787385183258087,0.0093034446805951,0.021720812657990824,0.5583872194750856,0.05392840539284054,0.36050885423270357
degraded,fusion,0,0.0,15,0.6742431236802373,0.6650772132181962,0.7086080912493317,0.7926968429060479,0.1199442119944212,0.7508668917234584
degraded,fusion,0,0.2,15,0.6742431236802373,0.6582721431324322,0.7042321064620549,0.7914711973289379,0.11808461180846118,0.7487863098314148
degraded,fusion,0,0.4,15,0.6742431236802373,0.6548249088092783,0.6993761996161229,0.7881746333629179,0.11204091120409113,0.74577085243516
degraded,fusion,0,0.6,15,0.6742431236802373,0.6492638318579327,0.695369030390738,0.7864840877393179,0.11668991166899116,0.7390916718898949
degraded,fusion,0,0.8,15,0.6742431236802373,0.6322272466505703,0.683610653989151,0.7806094416973078,0.1097164109716411,0.7267833128634991
degraded,fusion,0,1.0,15,0.6742431236802373,0.46395755764359675,0.56501641321096,0.7255821816491272,0.08414690841469084,0.6957424619453524
degraded,fusion,1,0.0,38,0.6922048699793827,0.6965472324201524,0.7167825824009676,0.802079371117028,0.11854951185495119,0.7725206389288638
degraded,fusion,1,0.2,38,0.6922048699793827,0.6896358798631392,0.7104124779138488,0.799120916275728,0.11529521152952116,0.7692272708200597
degraded,fusion,1,0.4,38,0.6922048699793827,0.6862518939170598,0.7087668065948775,0.7976839524956679,0.11483031148303115,0.7642398382718095
degraded,fusion,1,0.6,38,0.6922048699793827,0.6804526876731208,0.7028707259096727,0.793964752123748,0.11343561134356113,0.7562352003180077
degraded,fusion,1,0.8,38,0.6922048699793827,0.6575607165642767,0.6822499074873566,0.7822577236803179,0.10367271036727103,0.7398961215562398
degraded,fusion,1,1.0,38,0.6922048699793827,0.4777039572191638,0.5407242958235049,0.7202146992941972,0.08926080892608089,0.7009091471541917
degraded,fusion,2,0.0,17,0.6744685036333832,0.6698021428048887,0.6976515430960285,0.7921474155783779,0.11250581125058112,0.7499877975441183
degraded,fusion,2,0.2,17,0.6744685036333832,0.6640257325119039,0.6904924973538384,0.7899074426271079,0.1101813110181311,0.7472489417012276
degraded,fusion,2,0.4,17,0.6744685036333832,0.6591229650865427,0.6873211397287545,0.7875829423946579,0.10739191073919108,0.7434906793845278
degraded,fusion,2,0.6,17,0.6744685036333832,0.648650055994277,0.6792971925217283,0.7832297874138878,0.10320781032078104,0.7370796916658754
degraded,fusion,2,0.8,17,0.6744685036333832,0.6311061821889168,0.6633543537804956,0.7766366594818478,0.10274291027429103,0.7248428938448256
degraded,fusion,2,1.0,17,0.6744685036333832,0.4509685740901928,0.5240618733887138,0.7191158446388571,0.08600650860065086,0.6981242931332424
degraded,fusion_shuf,0,0.0,26,0.5755437159763059,0.6279360539754135,0.6862041709734298,0.7818773509150079,0.11157601115760112,0.7323931203112228
degraded,fusion_shuf,0,0.2,26,0.5755437159763059,0.6101399087533748,0.6779597915115413,0.7806517053378978,0.11436541143654114,0.7200493358462489
degraded,fusion_shuf,0,0.4,26,0.5755437159763059,0.6028803771860999,0.6735034286773337,0.7766366594818478,0.10599721059972106,0.7116912014175978
degraded,fusion_shuf,0,0.6,26,0.5755437159763059,0.5806143893611555,0.6589185829707893,0.7680571404420777,0.10134821013482101,0.6930090457544845
degraded,fusion_shuf,0,0.8,26,0.5755437159763059,0.52581553012175,0.6274282773703846,0.7552089937027175,0.0897257089725709,0.6570501613308716
degraded,fusion_shuf,0,1.0,26,0.5755437159763059,0.00910379181517585,0.02013104168644953,0.5638814927517857,0.049279404927940494,0.3617086426607749
degraded,fusion_shuf,1,0.0,8,0.5194362571016485,0.5759393969053334,0.6687664041994751,0.7599847850893876,0.09251510925151092,0.6961339151745146
degraded,fusion_shuf,1,0.2,8,0.5194362571016485,0.5519063115148732,0.6591498341875188,0.7610836397447276,0.09437470943747095,0.6866753300129439
degraded,fusion_shuf,1,0.4,8,0.5194362571016485,0.544229909421687,0.6566825775656324,0.7568150120451376,0.0901906090190609,0.6787712559220975
degraded,fusion_shuf,1,0.6,8,0.5194362571016485,0.5255484939290788,0.650527696619164,0.7522928025020075,0.08647140864714087,0.6613335529583163
degraded,fusion_shuf,1,0.8,8,0.5194362571016485,0.4762203661639418,0.6267467516548173,0.7426144288068974,0.08461180846118084,0.6274784953188778
degraded,fusion_shuf,1,1.0,8,0.5194362571016485,0.023193682873863305,0.03941165378087875,0.5694180296690757,0.050674105067410505,0.3641360253746935
degraded,fusion_shuf,2,0.0,26,0.5460065864635981,0.6085938797261675,0.6830652790917692,0.7734668864375978,0.09530450953045096,0.7183708829781228
degraded,fusion_shuf,2,0.2,26,0.5460065864635981,0.5964996882868987,0.677360774818402,0.7747347956552978,0.10134821013482101,0.7087199991082074
degraded,fusion_shuf,2,0.4,26,0.5460065864635981,0.5834271527271911,0.6736169699891527,0.7711001225645577,0.09344490934449093,0.7010268313557046
degraded,fusion_shuf,2,0.6,26,0.5460065864635981,0.5493250670732839,0.6566652378911273,0.7630277672118676,0.09205020920502092,0.6822630451737474
degraded,fusion_shuf,2,0.8,26,0.5460065864635981,0.4852035757908352,0.6208049376366208,0.7507290478001775,0.08275220827522083,0.6499595632668304
degraded,fusion_shuf,2,1.0,26,0.5460065864635981,0.009234656096179815,0.020188553471097992,0.5651494019694856,0.049279404927940494,0.36431436046909105
degraded,sar,0,0.0,23,0.6321337461197151,0.60166953892644,0.6576508890558478,0.7689024132538776,0.100418410041841,0.703172949251318
degraded,sar,0,0.2,23,0.6321337461197151,0.60166953892644,0.6576508890558478,0.7689024132538776,0.100418410041841,0.703172949251318
degraded,sar,0,0.4,23,0.6321337461197151,0.60166953892644,0.6576508890558478,0.7689024132538776,0.100418410041841,0.703172949251318
degraded,sar,0,0.6,23,0.6321337461197151,0.60166953892644,0.6576508890558478,0.7689024132538776,0.100418410041841,0.703172949251318
degraded,sar,0,0.8,23,0.6321337461197151,0.60166953892644,0.6576508890558478,0.7689024132538776,0.100418410041841,0.703172949251318
degraded,sar,0,1.0,23,0.6321337461197151,0.60166953892644,0.6576508890558478,0.7689024132538776,0.100418410041841,0.703172949251318
degraded,sar,1,0.0,19,0.6409798236583344,0.6109317714903008,0.6473211400504104,0.7693673133003677,0.09530450953045096,0.7039681921449928
degraded,sar,1,0.2,19,0.6409798236583344,0.6109317714903008,0.6473211400504104,0.7693673133003677,0.09530450953045096,0.7039681921449928
degraded,sar,1,0.4,19,0.6409798236583344,0.6109317714903008,0.6473211400504104,0.7693673133003677,0.09530450953045096,0.7039681921449928
degraded,sar,1,0.6,19,0.6409798236583344,0.6109317714903008,0.6473211400504104,0.7693673133003677,0.09530450953045096,0.7039681921449928
degraded,sar,1,0.8,19,0.6409798236583344,0.6109317714903008,0.6473211400504104,0.7693673133003677,0.09530450953045096,0.7039681921449928
degraded,sar,1,1.0,19,0.6409798236583344,0.6109317714903008,0.6473211400504104,0.7693673133003677,0.09530450953045096,0.7039681921449928
degraded,sar,2,0.0,16,0.6460643140130571,0.6202566039375619,0.6662187748121908,0.7690292041756477,0.09716410971641097,0.7041904472663405
degraded,sar,2,0.2,16,0.6460643140130571,0.6202566039375619,0.6662187748121908,0.7690292041756477,0.09716410971641097,0.7041904472663405
degraded,sar,2,0.4,16,0.6460643140130571,0.6202566039375619,0.6662187748121908,0.7690292041756477,0.09716410971641097,0.7041904472663405
degraded,sar,2,0.6,16,0.6460643140130571,0.6202566039375619,0.6662187748121908,0.7690292041756477,0.09716410971641097,0.7041904472663405
degraded,sar,2,0.8,16,0.6460643140130571,0.6202566039375619,0.6662187748121908,0.7690292041756477,0.09716410971641097,0.7041904472663405
degraded,sar,2,1.0,16,0.6460643140130571,0.6202566039375619,0.6662187748121908,0.7690292041756477,0.09716410971641097,0.7041904472663405
